S20, 19
S20, Blotteritem, {'party2': 'B27', 'party1': 'S20', 'price': 101.0, 'qty': 1, 'time': 27.37499999999898, 'type': 'Trade'}
S20, Blotteritem, {'party2': 'B34', 'party1': 'S20', 'price': 101.0, 'qty': 1, 'time': 35.97499999999962, 'type': 'Trade'}
S20, Blotteritem, {'party2': 'B37', 'party1': 'S20', 'price': 101.0, 'qty': 1, 'time': 73.16250000000807, 'type': 'Trade'}
S20, Blotteritem, {'party2': 'B37', 'party1': 'S20', 'price': 101.0, 'qty': 1, 'time': 132.25000000001666, 'type': 'Trade'}
S20, Blotteritem, {'party2': 'B31', 'party1': 'S20', 'price': 101.0, 'qty': 1, 'time': 178.23749999997483, 'type': 'Trade'}
S20, Blotteritem, {'party2': 'S20', 'party1': 'B24', 'price': 111.0, 'qty': 1, 'time': 182.31249999997112, 'type': 'Trade'}
S20, Blotteritem, {'party2': 'B37', 'party1': 'S20', 'price': 101.0, 'qty': 1, 'time': 233.93749999992417, 'type': 'Trade'}
S20, Blotteritem, {'party2': 'B27', 'party1': 'S20', 'price': 101.0, 'qty': 1, 'time': 256.5624999999036, 'type': 'Trade'}
S20, Blotteritem, {'party2': 'S20', 'party1': 'B23', 'price': 108.0, 'qty': 1, 'time': 283.23749999987933, 'type': 'Trade'}
S20, Blotteritem, {'party2': 'B37', 'party1': 'S20', 'price': 101.0, 'qty': 1, 'time': 332.59999999983444, 'type': 'Trade'}
S20, Blotteritem, {'party2': 'S20', 'party1': 'B20', 'price': 101.0, 'qty': 1, 'time': 357.4624999998118, 'type': 'Trade'}
S20, Blotteritem, {'party2': 'S20', 'party1': 'B31', 'price': 127.66666666666667, 'qty': 1, 'time': 373.4374999997973, 'type': 'Trade'}
S20, Blotteritem, {'party2': 'B37', 'party1': 'S20', 'price': 101.0, 'qty': 1, 'time': 422.28749999975287, 'type': 'Trade'}
S20, Blotteritem, {'party2': 'S20', 'party1': 'B21', 'price': 102.33333333333333, 'qty': 1, 'time': 433.162499999743, 'type': 'Trade'}
S20, Blotteritem, {'party2': 'S20', 'party1': 'B20', 'price': 101.0, 'qty': 1, 'time': 456.0374999997222, 'type': 'Trade'}
S20, Blotteritem, {'party2': 'B34', 'party1': 'S20', 'price': 101.0, 'qty': 1, 'time': 500.26249999968195, 'type': 'Trade'}
S20, Blotteritem, {'party2': 'B20', 'party1': 'S20', 'price': 101.0, 'qty': 1, 'time': 522.2874999997086, 'type': 'Trade'}
S20, Blotteritem, {'party2': 'B31', 'party1': 'S20', 'price': 101.0, 'qty': 1, 'time': 556.4999999998331, 'type': 'Trade'}
S20, Blotteritem, {'party2': 'B39', 'party1': 'S20', 'price': 101.0, 'qty': 1, 'time': 585.2624999999377, 'type': 'Trade'}
S39, 0
S03, 5
S03, Blotteritem, {'party2': 'B22', 'party1': 'S03', 'price': 99.66666666666667, 'qty': 1, 'time': 483.3874999996973, 'type': 'Trade'}
S03, Blotteritem, {'party2': 'S03', 'party1': 'B38', 'price': 105.90312188935367, 'qty': 1, 'time': 500.9749999996813, 'type': 'Trade'}
S03, Blotteritem, {'party2': 'S03', 'party1': 'B15', 'price': 86.48925468678554, 'qty': 1, 'time': 526.4249999997237, 'type': 'Trade'}
S03, Blotteritem, {'party2': 'B33', 'party1': 'S03', 'price': 83.86111111111111, 'qty': 1, 'time': 564.162499999861, 'type': 'Trade'}
S03, Blotteritem, {'party2': 'S03', 'party1': 'B12', 'price': 80.0, 'qty': 1, 'time': 582.0999999999262, 'type': 'Trade'}
S32, 0
S24, 15
S24, Blotteritem, {'party2': 'B37', 'party1': 'S24', 'price': 116, 'qty': 1, 'time': 10.212499999999954, 'type': 'Trade'}
S24, Blotteritem, {'party2': 'B27', 'party1': 'S24', 'price': 112, 'qty': 1, 'time': 89.5625000000118, 'type': 'Trade'}
S24, Blotteritem, {'party2': 'B34', 'party1': 'S24', 'price': 112, 'qty': 1, 'time': 138.85000000001065, 'type': 'Trade'}
S24, Blotteritem, {'party2': 'B26', 'party1': 'S24', 'price': 112, 'qty': 1, 'time': 164.03749999998774, 'type': 'Trade'}
S24, Blotteritem, {'party2': 'B26', 'party1': 'S24', 'price': 111, 'qty': 1, 'time': 204.79999999995067, 'type': 'Trade'}
S24, Blotteritem, {'party2': 'B32', 'party1': 'S24', 'price': 113, 'qty': 1, 'time': 236.48749999992185, 'type': 'Trade'}
S24, Blotteritem, {'party2': 'B27', 'party1': 'S24', 'price': 114, 'qty': 1, 'time': 293.87499999986966, 'type': 'Trade'}
S24, Blotteritem, {'party2': 'B24', 'party1': 'S24', 'price': 111, 'qty': 1, 'time': 311.062499999854, 'type': 'Trade'}
S24, Blotteritem, {'party2': 'B26', 'party1': 'S24', 'price': 112, 'qty': 1, 'time': 358.2874999998111, 'type': 'Trade'}
S24, Blotteritem, {'party2': 'B24', 'party1': 'S24', 'price': 111, 'qty': 1, 'time': 396.9749999997759, 'type': 'Trade'}
S24, Blotteritem, {'party2': 'B34', 'party1': 'S24', 'price': 112, 'qty': 1, 'time': 412.51249999976176, 'type': 'Trade'}
S24, Blotteritem, {'party2': 'B27', 'party1': 'S24', 'price': 113, 'qty': 1, 'time': 442.7249999997343, 'type': 'Trade'}
S24, Blotteritem, {'party2': 'B25', 'party1': 'S24', 'price': 112, 'qty': 1, 'time': 508.8624999996741, 'type': 'Trade'}
S24, Blotteritem, {'party2': 'B32', 'party1': 'S24', 'price': 113, 'qty': 1, 'time': 548.0624999998024, 'type': 'Trade'}
S24, Blotteritem, {'party2': 'B26', 'party1': 'S24', 'price': 112, 'qty': 1, 'time': 597.2999999999815, 'type': 'Trade'}
S04, 5
S04, Blotteritem, {'party2': 'S04', 'party1': 'B18', 'price': 96.0, 'qty': 1, 'time': 485.1499999996957, 'type': 'Trade'}
S04, Blotteritem, {'party2': 'S04', 'party1': 'B36', 'price': 100, 'qty': 1, 'time': 513.3874999996763, 'type': 'Trade'}
S04, Blotteritem, {'party2': 'B22', 'party1': 'S04', 'price': 86.0, 'qty': 1, 'time': 525.7874999997214, 'type': 'Trade'}
S04, Blotteritem, {'party2': 'S04', 'party1': 'B13', 'price': 81.66666666666667, 'qty': 1, 'time': 561.3749999998508, 'type': 'Trade'}
S04, Blotteritem, {'party2': 'S04', 'party1': 'B21', 'price': 99.88888888888889, 'qty': 1, 'time': 574.6749999998992, 'type': 'Trade'}
S25, 11
S25, Blotteritem, {'party2': 'B27', 'party1': 'S25', 'price': 114.0, 'qty': 1, 'time': 33.82499999999913, 'type': 'Trade'}
S25, Blotteritem, {'party2': 'B34', 'party1': 'S25', 'price': 114.0, 'qty': 1, 'time': 100.71250000001433, 'type': 'Trade'}
S25, Blotteritem, {'party2': 'B34', 'party1': 'S25', 'price': 114.0, 'qty': 1, 'time': 181.5624999999718, 'type': 'Trade'}
S25, Blotteritem, {'party2': 'B28', 'party1': 'S25', 'price': 114.0, 'qty': 1, 'time': 239.33749999991926, 'type': 'Trade'}
S25, Blotteritem, {'party2': 'B39', 'party1': 'S25', 'price': 114.0, 'qty': 1, 'time': 302.4124999998619, 'type': 'Trade'}
S25, Blotteritem, {'party2': 'B37', 'party1': 'S25', 'price': 114.0, 'qty': 1, 'time': 316.7249999998489, 'type': 'Trade'}
S25, Blotteritem, {'party2': 'B34', 'party1': 'S25', 'price': 114.0, 'qty': 1, 'time': 365.9749999998041, 'type': 'Trade'}
S25, Blotteritem, {'party2': 'B26', 'party1': 'S25', 'price': 114.0, 'qty': 1, 'time': 415.49999999975904, 'type': 'Trade'}
S25, Blotteritem, {'party2': 'B27', 'party1': 'S25', 'price': 114.0, 'qty': 1, 'time': 455.5624999997226, 'type': 'Trade'}
S25, Blotteritem, {'party2': 'B37', 'party1': 'S25', 'price': 114.0, 'qty': 1, 'time': 517.6124999996916, 'type': 'Trade'}
S25, Blotteritem, {'party2': 'S25', 'party1': 'B25', 'price': 114.0, 'qty': 1, 'time': 519.1499999996972, 'type': 'Trade'}
S29, 1
S29, Blotteritem, {'party2': 'S29', 'party1': 'B36', 'price': 126, 'qty': 1, 'time': 375.59999999979533, 'type': 'Trade'}
S05, 20
S05, Blotteritem, {'party2': 'B28', 'party1': 'S05', 'price': 100.09444444444443, 'qty': 1, 'time': 18.337499999999494, 'type': 'Trade'}
S05, Blotteritem, {'party2': 'B36', 'party1': 'S05', 'price': 114.60864197530864, 'qty': 1, 'time': 53.287500000003554, 'type': 'Trade'}
S05, Blotteritem, {'party2': 'S05', 'party1': 'B15', 'price': 87.41935680536504, 'qty': 1, 'time': 70.48750000000746, 'type': 'Trade'}
S05, Blotteritem, {'party2': 'S05', 'party1': 'B21', 'price': 80.19076931870141, 'qty': 1, 'time': 110.80000000001662, 'type': 'Trade'}
S05, Blotteritem, {'party2': 'S05', 'party1': 'B24', 'price': 111.0, 'qty': 1, 'time': 138.8125000000107, 'type': 'Trade'}
S05, Blotteritem, {'party2': 'B28', 'party1': 'S05', 'price': 88.3077466736665, 'qty': 1, 'time': 156.54999999999455, 'type': 'Trade'}
S05, Blotteritem, {'party2': 'B32', 'party1': 'S05', 'price': 108.85223690081357, 'qty': 1, 'time': 206.23749999994936, 'type': 'Trade'}
S05, Blotteritem, {'party2': 'B34', 'party1': 'S05', 'price': 89.38212169749237, 'qty': 1, 'time': 214.79999999994158, 'type': 'Trade'}
S05, Blotteritem, {'party2': 'S05', 'party1': 'B14', 'price': 82.44855967078189, 'qty': 1, 'time': 250.54999999990906, 'type': 'Trade'}
S05, Blotteritem, {'party2': 'B28', 'party1': 'S05', 'price': 87.07426036003997, 'qty': 1, 'time': 299.79999999986427, 'type': 'Trade'}
S05, Blotteritem, {'party2': 'S05', 'party1': 'B36', 'price': 100, 'qty': 1, 'time': 326.11249999984034, 'type': 'Trade'}
S05, Blotteritem, {'party2': 'S05', 'party1': 'B39', 'price': 79.86182441230542, 'qty': 1, 'time': 340.9874999998268, 'type': 'Trade'}
S05, Blotteritem, {'party2': 'S05', 'party1': 'B20', 'price': 101.0, 'qty': 1, 'time': 384.06249999978763, 'type': 'Trade'}
S05, Blotteritem, {'party2': 'B36', 'party1': 'S05', 'price': 78.59156378600824, 'qty': 1, 'time': 399.52499999977357, 'type': 'Trade'}
S05, Blotteritem, {'party2': 'S05', 'party1': 'B31', 'price': 97.21930041152262, 'qty': 1, 'time': 438.3249999997383, 'type': 'Trade'}
S05, Blotteritem, {'party2': 'S05', 'party1': 'B23', 'price': 108.0, 'qty': 1, 'time': 461.737499999717, 'type': 'Trade'}
S05, Blotteritem, {'party2': 'S05', 'party1': 'B33', 'price': 100.0, 'qty': 1, 'time': 482.624999999698, 'type': 'Trade'}
S05, Blotteritem, {'party2': 'S05', 'party1': 'B21', 'price': 98.33333333333333, 'qty': 1, 'time': 521.574999999706, 'type': 'Trade'}
S05, Blotteritem, {'party2': 'B28', 'party1': 'S05', 'price': 87.73216735253773, 'qty': 1, 'time': 552.9624999998202, 'type': 'Trade'}
S05, Blotteritem, {'party2': 'S05', 'party1': 'B18', 'price': 96.0, 'qty': 1, 'time': 576.9374999999075, 'type': 'Trade'}
B16, 4
B16, Blotteritem, {'party2': 'S02', 'party1': 'B16', 'price': 91.0, 'qty': 1, 'time': 495.62499999968617, 'type': 'Trade'}
B16, Blotteritem, {'party2': 'S13', 'party1': 'B16', 'price': 91.0, 'qty': 1, 'time': 539.0374999997696, 'type': 'Trade'}
B16, Blotteritem, {'party2': 'S13', 'party1': 'B16', 'price': 91.0, 'qty': 1, 'time': 555.1124999998281, 'type': 'Trade'}
B16, Blotteritem, {'party2': 'B16', 'party1': 'S16', 'price': 91.0, 'qty': 1, 'time': 592.1124999999627, 'type': 'Trade'}
B17, 4
B17, Blotteritem, {'party2': 'S13', 'party1': 'B17', 'price': 93.0, 'qty': 1, 'time': 488.3374999996928, 'type': 'Trade'}
B17, Blotteritem, {'party2': 'S07', 'party1': 'B17', 'price': 93.0, 'qty': 1, 'time': 524.2874999997159, 'type': 'Trade'}
B17, Blotteritem, {'party2': 'B17', 'party1': 'S17', 'price': 93.0, 'qty': 1, 'time': 553.162499999821, 'type': 'Trade'}
B17, Blotteritem, {'party2': 'S06', 'party1': 'B17', 'price': 93.0, 'qty': 1, 'time': 578.5749999999134, 'type': 'Trade'}
B14, 12
B14, Blotteritem, {'party2': 'S07', 'party1': 'B14', 'price': 82.13580246913581, 'qty': 1, 'time': 60.73750000000525, 'type': 'Trade'}
B14, Blotteritem, {'party2': 'S07', 'party1': 'B14', 'price': 84.88229123795544, 'qty': 1, 'time': 93.06250000001259, 'type': 'Trade'}
B14, Blotteritem, {'party2': 'S01', 'party1': 'B14', 'price': 84.95366103609747, 'qty': 1, 'time': 124.50000000001974, 'type': 'Trade'}
B14, Blotteritem, {'party2': 'S01', 'party1': 'B14', 'price': 84.46117484767306, 'qty': 1, 'time': 164.14999999998764, 'type': 'Trade'}
B14, Blotteritem, {'party2': 'S02', 'party1': 'B14', 'price': 84.99854966373205, 'qty': 1, 'time': 225.28749999993204, 'type': 'Trade'}
B14, Blotteritem, {'party2': 'S05', 'party1': 'B14', 'price': 82.44855967078189, 'qty': 1, 'time': 250.54999999990906, 'type': 'Trade'}
B14, Blotteritem, {'party2': 'S11', 'party1': 'B14', 'price': 82.4156378600823, 'qty': 1, 'time': 339.07499999982855, 'type': 'Trade'}
B14, Blotteritem, {'party2': 'S01', 'party1': 'B14', 'price': 84.60493827160494, 'qty': 1, 'time': 357.7374999998116, 'type': 'Trade'}
B14, Blotteritem, {'party2': 'S02', 'party1': 'B14', 'price': 81.74074074074075, 'qty': 1, 'time': 388.9374999997832, 'type': 'Trade'}
B14, Blotteritem, {'party2': 'S13', 'party1': 'B14', 'price': 84.67978383301251, 'qty': 1, 'time': 468.1999999997111, 'type': 'Trade'}
B14, Blotteritem, {'party2': 'S01', 'party1': 'B14', 'price': 84.4567901234568, 'qty': 1, 'time': 559.2749999998432, 'type': 'Trade'}
B14, Blotteritem, {'party2': 'S10', 'party1': 'B14', 'price': 84.47259313897567, 'qty': 1, 'time': 598.8499999999872, 'type': 'Trade'}
B15, 13
B15, Blotteritem, {'party2': 'S05', 'party1': 'B15', 'price': 87.41935680536504, 'qty': 1, 'time': 70.48750000000746, 'type': 'Trade'}
B15, Blotteritem, {'party2': 'S01', 'party1': 'B15', 'price': 83.65845942133431, 'qty': 1, 'time': 117.81250000001822, 'type': 'Trade'}
B15, Blotteritem, {'party2': 'B15', 'party1': 'S13', 'price': 83.0, 'qty': 1, 'time': 155.89999999999515, 'type': 'Trade'}
B15, Blotteritem, {'party2': 'S01', 'party1': 'B15', 'price': 87.94741477449898, 'qty': 1, 'time': 207.33749999994836, 'type': 'Trade'}
B15, Blotteritem, {'party2': 'S01', 'party1': 'B15', 'price': 86.54121612034824, 'qty': 1, 'time': 216.12499999994037, 'type': 'Trade'}
B15, Blotteritem, {'party2': 'S13', 'party1': 'B15', 'price': 87.38545953360769, 'qty': 1, 'time': 298.62499999986534, 'type': 'Trade'}
B15, Blotteritem, {'party2': 'S07', 'party1': 'B15', 'price': 86.6538637402835, 'qty': 1, 'time': 337.31249999983015, 'type': 'Trade'}
B15, Blotteritem, {'party2': 'S06', 'party1': 'B15', 'price': 86.44170096021948, 'qty': 1, 'time': 394.0874999997785, 'type': 'Trade'}
B15, Blotteritem, {'party2': 'S02', 'party1': 'B15', 'price': 86.77091906721536, 'qty': 1, 'time': 408.21249999976567, 'type': 'Trade'}
B15, Blotteritem, {'party2': 'S01', 'party1': 'B15', 'price': 86.23075750647767, 'qty': 1, 'time': 453.41249999972456, 'type': 'Trade'}
B15, Blotteritem, {'party2': 'S03', 'party1': 'B15', 'price': 86.48925468678554, 'qty': 1, 'time': 526.4249999997237, 'type': 'Trade'}
B15, Blotteritem, {'party2': 'S02', 'party1': 'B15', 'price': 85.63786008230453, 'qty': 1, 'time': 555.912499999831, 'type': 'Trade'}
B15, Blotteritem, {'party2': 'B15', 'party1': 'S09', 'price': 78.0, 'qty': 1, 'time': 584.3499999999344, 'type': 'Trade'}
B12, 2
B12, Blotteritem, {'party2': 'S00', 'party1': 'B12', 'price': 80.0, 'qty': 1, 'time': 563.9999999998604, 'type': 'Trade'}
B12, Blotteritem, {'party2': 'S03', 'party1': 'B12', 'price': 80.0, 'qty': 1, 'time': 582.0999999999262, 'type': 'Trade'}
B13, 9
B13, Blotteritem, {'party2': 'S08', 'party1': 'B13', 'price': 82.99255696566941, 'qty': 1, 'time': 95.08750000001305, 'type': 'Trade'}
B13, Blotteritem, {'party2': 'S11', 'party1': 'B13', 'price': 82.97377421584056, 'qty': 1, 'time': 128.7875000000198, 'type': 'Trade'}
B13, Blotteritem, {'party2': 'S02', 'party1': 'B13', 'price': 80.33333333333333, 'qty': 1, 'time': 165.58749999998633, 'type': 'Trade'}
B13, Blotteritem, {'party2': 'S02', 'party1': 'B13', 'price': 82.6282810948597, 'qty': 1, 'time': 210.39999999994558, 'type': 'Trade'}
B13, Blotteritem, {'party2': 'S07', 'party1': 'B13', 'price': 82.18792866941014, 'qty': 1, 'time': 251.724999999908, 'type': 'Trade'}
B13, Blotteritem, {'party2': 'S08', 'party1': 'B13', 'price': 82.44398719707361, 'qty': 1, 'time': 340.49999999982725, 'type': 'Trade'}
B13, Blotteritem, {'party2': 'S01', 'party1': 'B13', 'price': 81.07407407407408, 'qty': 1, 'time': 395.9749999997768, 'type': 'Trade'}
B13, Blotteritem, {'party2': 'S02', 'party1': 'B13', 'price': 82.93415637860083, 'qty': 1, 'time': 526.9874999997257, 'type': 'Trade'}
B13, Blotteritem, {'party2': 'S04', 'party1': 'B13', 'price': 81.66666666666667, 'qty': 1, 'time': 561.3749999998508, 'type': 'Trade'}
B10, 2
B10, Blotteritem, {'party2': 'S09', 'party1': 'B10', 'price': 74, 'qty': 1, 'time': 565.1124999998644, 'type': 'Trade'}
B10, Blotteritem, {'party2': 'S00', 'party1': 'B10', 'price': 73, 'qty': 1, 'time': 582.2624999999268, 'type': 'Trade'}
B11, 1
B11, Blotteritem, {'party2': 'S01', 'party1': 'B11', 'price': 75.33333333333333, 'qty': 1, 'time': 399.4749999997736, 'type': 'Trade'}
S15, 20
S15, Blotteritem, {'party2': 'B24', 'party1': 'S15', 'price': 98.0, 'qty': 1, 'time': 22.66249999999925, 'type': 'Trade'}
S15, Blotteritem, {'party2': 'S15', 'party1': 'B31', 'price': 109.66666666666667, 'qty': 1, 'time': 55.50000000000406, 'type': 'Trade'}
S15, Blotteritem, {'party2': 'B21', 'party1': 'S15', 'price': 91.33333333333333, 'qty': 1, 'time': 65.98750000000643, 'type': 'Trade'}
S15, Blotteritem, {'party2': 'B26', 'party1': 'S15', 'price': 99.55555555555556, 'qty': 1, 'time': 97.9625000000137, 'type': 'Trade'}
S15, Blotteritem, {'party2': 'B23', 'party1': 'S15', 'price': 89.33333333333333, 'qty': 1, 'time': 125.01250000001986, 'type': 'Trade'}
S15, Blotteritem, {'party2': 'S15', 'party1': 'B39', 'price': 114.26081214012616, 'qty': 1, 'time': 180.5749999999727, 'type': 'Trade'}
S15, Blotteritem, {'party2': 'S15', 'party1': 'B36', 'price': 97, 'qty': 1, 'time': 198.46249999995644, 'type': 'Trade'}
S15, Blotteritem, {'party2': 'B24', 'party1': 'S15', 'price': 105.47222222222223, 'qty': 1, 'time': 242.86249999991605, 'type': 'Trade'}
S15, Blotteritem, {'party2': 'B36', 'party1': 'S15', 'price': 98.20809835898999, 'qty': 1, 'time': 262.8249999998979, 'type': 'Trade'}
S15, Blotteritem, {'party2': 'B31', 'party1': 'S15', 'price': 105.33333333333333, 'qty': 1, 'time': 301.56249999986267, 'type': 'Trade'}
S15, Blotteritem, {'party2': 'B26', 'party1': 'S15', 'price': 102.91852461515013, 'qty': 1, 'time': 308.92499999985597, 'type': 'Trade'}
S15, Blotteritem, {'party2': 'B27', 'party1': 'S15', 'price': 92.54849362393944, 'qty': 1, 'time': 354.1624999998148, 'type': 'Trade'}
S15, Blotteritem, {'party2': 'S15', 'party1': 'B23', 'price': 108.0, 'qty': 1, 'time': 383.51249999978813, 'type': 'Trade'}
S15, Blotteritem, {'party2': 'B31', 'party1': 'S15', 'price': 104.0, 'qty': 1, 'time': 410.2499999997638, 'type': 'Trade'}
S15, Blotteritem, {'party2': 'B37', 'party1': 'S15', 'price': 107.61666666666666, 'qty': 1, 'time': 431.98749999974405, 'type': 'Trade'}
S15, Blotteritem, {'party2': 'B39', 'party1': 'S15', 'price': 90.0, 'qty': 1, 'time': 476.2374999997038, 'type': 'Trade'}
S15, Blotteritem, {'party2': 'S15', 'party1': 'B35', 'price': 99.0, 'qty': 1, 'time': 484.56249999969623, 'type': 'Trade'}
S15, Blotteritem, {'party2': 'B26', 'party1': 'S15', 'price': 90.66666666666667, 'qty': 1, 'time': 526.1374999997226, 'type': 'Trade'}
S15, Blotteritem, {'party2': 'S15', 'party1': 'B35', 'price': 90.18518518518519, 'qty': 1, 'time': 552.1249999998172, 'type': 'Trade'}
S15, Blotteritem, {'party2': 'B30', 'party1': 'S15', 'price': 93.78518518518518, 'qty': 1, 'time': 590.6124999999572, 'type': 'Trade'}
S07, 20
S07, Blotteritem, {'party2': 'B26', 'party1': 'S07', 'price': 110.11394055658732, 'qty': 1, 'time': 7.962500000000079, 'type': 'Trade'}
S07, Blotteritem, {'party2': 'S07', 'party1': 'B14', 'price': 82.13580246913581, 'qty': 1, 'time': 60.73750000000525, 'type': 'Trade'}
S07, Blotteritem, {'party2': 'B36', 'party1': 'S07', 'price': 89.87983947488125, 'qty': 1, 'time': 81.95000000001006, 'type': 'Trade'}
S07, Blotteritem, {'party2': 'S07', 'party1': 'B14', 'price': 84.88229123795544, 'qty': 1, 'time': 93.06250000001259, 'type': 'Trade'}
S07, Blotteritem, {'party2': 'B31', 'party1': 'S07', 'price': 83.13743240319488, 'qty': 1, 'time': 129.17500000001945, 'type': 'Trade'}
S07, Blotteritem, {'party2': 'S07', 'party1': 'B36', 'price': 103, 'qty': 1, 'time': 162.18749999998943, 'type': 'Trade'}
S07, Blotteritem, {'party2': 'B27', 'party1': 'S07', 'price': 92.75656109207482, 'qty': 1, 'time': 194.46249999996007, 'type': 'Trade'}
S07, Blotteritem, {'party2': 'B36', 'party1': 'S07', 'price': 85.24246577214741, 'qty': 1, 'time': 217.8499999999388, 'type': 'Trade'}
S07, Blotteritem, {'party2': 'S07', 'party1': 'B13', 'price': 82.18792866941014, 'qty': 1, 'time': 251.724999999908, 'type': 'Trade'}
S07, Blotteritem, {'party2': 'B31', 'party1': 'S07', 'price': 86.56234567901234, 'qty': 1, 'time': 291.7249999998716, 'type': 'Trade'}
S07, Blotteritem, {'party2': 'B28', 'party1': 'S07', 'price': 103.54485867669224, 'qty': 1, 'time': 310.69999999985436, 'type': 'Trade'}
S07, Blotteritem, {'party2': 'S07', 'party1': 'B15', 'price': 86.6538637402835, 'qty': 1, 'time': 337.31249999983015, 'type': 'Trade'}
S07, Blotteritem, {'party2': 'B39', 'party1': 'S07', 'price': 127.3111111111111, 'qty': 1, 'time': 373.8624999997969, 'type': 'Trade'}
S07, Blotteritem, {'party2': 'B27', 'party1': 'S07', 'price': 86.01851851851852, 'qty': 1, 'time': 394.7624999997779, 'type': 'Trade'}
S07, Blotteritem, {'party2': 'B28', 'party1': 'S07', 'price': 106.7, 'qty': 1, 'time': 429.849999999746, 'type': 'Trade'}
S07, Blotteritem, {'party2': 'B21', 'party1': 'S07', 'price': 85.56603415159078, 'qty': 1, 'time': 474.4874999997054, 'type': 'Trade'}
S07, Blotteritem, {'party2': 'S07', 'party1': 'B31', 'price': 90.00046677335773, 'qty': 1, 'time': 498.37499999968367, 'type': 'Trade'}
S07, Blotteritem, {'party2': 'S07', 'party1': 'B17', 'price': 93.0, 'qty': 1, 'time': 524.2874999997159, 'type': 'Trade'}
S07, Blotteritem, {'party2': 'B20', 'party1': 'S07', 'price': 87.57976680384088, 'qty': 1, 'time': 559.9249999998456, 'type': 'Trade'}
S07, Blotteritem, {'party2': 'B32', 'party1': 'S07', 'price': 80.65, 'qty': 1, 'time': 579.9124999999183, 'type': 'Trade'}
B18, 3
B18, Blotteritem, {'party2': 'S04', 'party1': 'B18', 'price': 96.0, 'qty': 1, 'time': 485.1499999996957, 'type': 'Trade'}
B18, Blotteritem, {'party2': 'S01', 'party1': 'B18', 'price': 88.56104252400549, 'qty': 1, 'time': 531.462499999742, 'type': 'Trade'}
B18, Blotteritem, {'party2': 'S05', 'party1': 'B18', 'price': 96.0, 'qty': 1, 'time': 576.9374999999075, 'type': 'Trade'}
B19, 20
B19, Blotteritem, {'party2': 'S19', 'party1': 'B19', 'price': 98.0, 'qty': 1, 'time': 20.53749999999937, 'type': 'Trade'}
B19, Blotteritem, {'party2': 'S06', 'party1': 'B19', 'price': 98.0, 'qty': 1, 'time': 60.0875000000051, 'type': 'Trade'}
B19, Blotteritem, {'party2': 'S13', 'party1': 'B19', 'price': 98.0, 'qty': 1, 'time': 87.65000000001136, 'type': 'Trade'}
B19, Blotteritem, {'party2': 'B19', 'party1': 'S06', 'price': 83.02297545436188, 'qty': 1, 'time': 95.42500000001313, 'type': 'Trade'}
B19, Blotteritem, {'party2': 'S16', 'party1': 'B19', 'price': 98.0, 'qty': 1, 'time': 140.05000000000956, 'type': 'Trade'}
B19, Blotteritem, {'party2': 'S08', 'party1': 'B19', 'price': 98.0, 'qty': 1, 'time': 154.77499999999617, 'type': 'Trade'}
B19, Blotteritem, {'party2': 'S08', 'party1': 'B19', 'price': 98.0, 'qty': 1, 'time': 212.53749999994363, 'type': 'Trade'}
B19, Blotteritem, {'party2': 'S16', 'party1': 'B19', 'price': 98.0, 'qty': 1, 'time': 248.16249999991123, 'type': 'Trade'}
B19, Blotteritem, {'party2': 'S01', 'party1': 'B19', 'price': 98.0, 'qty': 1, 'time': 274.52499999988726, 'type': 'Trade'}
B19, Blotteritem, {'party2': 'S02', 'party1': 'B19', 'price': 98.0, 'qty': 1, 'time': 287.0249999998759, 'type': 'Trade'}
B19, Blotteritem, {'party2': 'S02', 'party1': 'B19', 'price': 98.0, 'qty': 1, 'time': 332.7749999998343, 'type': 'Trade'}
B19, Blotteritem, {'party2': 'B19', 'party1': 'S14', 'price': 87, 'qty': 1, 'time': 344.3874999998237, 'type': 'Trade'}
B19, Blotteritem, {'party2': 'S19', 'party1': 'B19', 'price': 98.0, 'qty': 1, 'time': 387.3124999997847, 'type': 'Trade'}
B19, Blotteritem, {'party2': 'S08', 'party1': 'B19', 'price': 98.0, 'qty': 1, 'time': 421.77499999975333, 'type': 'Trade'}
B19, Blotteritem, {'party2': 'S06', 'party1': 'B19', 'price': 98.0, 'qty': 1, 'time': 451.57499999972623, 'type': 'Trade'}
B19, Blotteritem, {'party2': 'S02', 'party1': 'B19', 'price': 98.0, 'qty': 1, 'time': 466.16249999971296, 'type': 'Trade'}
B19, Blotteritem, {'party2': 'B19', 'party1': 'S19', 'price': 98.0, 'qty': 1, 'time': 497.0249999996849, 'type': 'Trade'}
B19, Blotteritem, {'party2': 'S00', 'party1': 'B19', 'price': 98.0, 'qty': 1, 'time': 536.9249999997619, 'type': 'Trade'}
B19, Blotteritem, {'party2': 'B19', 'party1': 'S06', 'price': 74.29938271604938, 'qty': 1, 'time': 565.2999999998651, 'type': 'Trade'}
B19, Blotteritem, {'party2': 'B19', 'party1': 'S19', 'price': 98.0, 'qty': 1, 'time': 599.61249999999, 'type': 'Trade'}
S34, 0
S19, 20
S19, Blotteritem, {'party2': 'S19', 'party1': 'B19', 'price': 98.0, 'qty': 1, 'time': 20.53749999999937, 'type': 'Trade'}
S19, Blotteritem, {'party2': 'S19', 'party1': 'B20', 'price': 101.0, 'qty': 1, 'time': 57.912500000004606, 'type': 'Trade'}
S19, Blotteritem, {'party2': 'B26', 'party1': 'S19', 'price': 98.0, 'qty': 1, 'time': 74.03750000000827, 'type': 'Trade'}
S19, Blotteritem, {'party2': 'B27', 'party1': 'S19', 'price': 98.0, 'qty': 1, 'time': 120.22500000001877, 'type': 'Trade'}
S19, Blotteritem, {'party2': 'B32', 'party1': 'S19', 'price': 98.0, 'qty': 1, 'time': 146.31250000000387, 'type': 'Trade'}
S19, Blotteritem, {'party2': 'S19', 'party1': 'B20', 'price': 101.0, 'qty': 1, 'time': 163.62499999998812, 'type': 'Trade'}
S19, Blotteritem, {'party2': 'B31', 'party1': 'S19', 'price': 98.0, 'qty': 1, 'time': 196.9749999999578, 'type': 'Trade'}
S19, Blotteritem, {'party2': 'B24', 'party1': 'S19', 'price': 98.0, 'qty': 1, 'time': 226.1124999999313, 'type': 'Trade'}
S19, Blotteritem, {'party2': 'B21', 'party1': 'S19', 'price': 98.0, 'qty': 1, 'time': 254.9124999999051, 'type': 'Trade'}
S19, Blotteritem, {'party2': 'B24', 'party1': 'S19', 'price': 98.0, 'qty': 1, 'time': 291.77499999987157, 'type': 'Trade'}
S19, Blotteritem, {'party2': 'S19', 'party1': 'B21', 'price': 99.66666666666667, 'qty': 1, 'time': 329.5874999998372, 'type': 'Trade'}
S19, Blotteritem, {'party2': 'B21', 'party1': 'S19', 'price': 98.0, 'qty': 1, 'time': 355.14999999981393, 'type': 'Trade'}
S19, Blotteritem, {'party2': 'S19', 'party1': 'B19', 'price': 98.0, 'qty': 1, 'time': 387.3124999997847, 'type': 'Trade'}
S19, Blotteritem, {'party2': 'S19', 'party1': 'B22', 'price': 99, 'qty': 1, 'time': 411.31249999976285, 'type': 'Trade'}
S19, Blotteritem, {'party2': 'B26', 'party1': 'S19', 'price': 98.0, 'qty': 1, 'time': 427.3124999997483, 'type': 'Trade'}
S19, Blotteritem, {'party2': 'B34', 'party1': 'S19', 'price': 98.0, 'qty': 1, 'time': 480.2999999997001, 'type': 'Trade'}
S19, Blotteritem, {'party2': 'B19', 'party1': 'S19', 'price': 98.0, 'qty': 1, 'time': 497.0249999996849, 'type': 'Trade'}
S19, Blotteritem, {'party2': 'B21', 'party1': 'S19', 'price': 98.0, 'qty': 1, 'time': 545.4124999997928, 'type': 'Trade'}
S19, Blotteritem, {'party2': 'B26', 'party1': 'S19', 'price': 98.0, 'qty': 1, 'time': 563.1124999998572, 'type': 'Trade'}
S19, Blotteritem, {'party2': 'B19', 'party1': 'S19', 'price': 98.0, 'qty': 1, 'time': 599.61249999999, 'type': 'Trade'}
S18, 5
S18, Blotteritem, {'party2': 'B29', 'party1': 'S18', 'price': 104.0, 'qty': 1, 'time': 481.67499999969885, 'type': 'Trade'}
S18, Blotteritem, {'party2': 'S18', 'party1': 'B21', 'price': 101.66666666666667, 'qty': 1, 'time': 505.0749999996776, 'type': 'Trade'}
S18, Blotteritem, {'party2': 'B30', 'party1': 'S18', 'price': 96.0, 'qty': 1, 'time': 544.2249999997885, 'type': 'Trade'}
S18, Blotteritem, {'party2': 'B27', 'party1': 'S18', 'price': 96.0, 'qty': 1, 'time': 568.8874999998782, 'type': 'Trade'}
S18, Blotteritem, {'party2': 'B38', 'party1': 'S18', 'price': 96.0, 'qty': 1, 'time': 584.5499999999352, 'type': 'Trade'}
B38, 5
B38, Blotteritem, {'party2': 'B38', 'party1': 'S09', 'price': 104.0, 'qty': 1, 'time': 481.1749999996993, 'type': 'Trade'}
B38, Blotteritem, {'party2': 'S03', 'party1': 'B38', 'price': 105.90312188935367, 'qty': 1, 'time': 500.9749999996813, 'type': 'Trade'}
B38, Blotteritem, {'party2': 'S06', 'party1': 'B38', 'price': 99.0, 'qty': 1, 'time': 512.8999999996745, 'type': 'Trade'}
B38, Blotteritem, {'party2': 'B38', 'party1': 'S23', 'price': 108.0, 'qty': 1, 'time': 546.5999999997971, 'type': 'Trade'}
B38, Blotteritem, {'party2': 'B38', 'party1': 'S18', 'price': 96.0, 'qty': 1, 'time': 584.5499999999352, 'type': 'Trade'}
B39, 20
B39, Blotteritem, {'party2': 'S02', 'party1': 'B39', 'price': 129.7831775936342, 'qty': 1, 'time': 3.2625000000000126, 'type': 'Trade'}
B39, Blotteritem, {'party2': 'S13', 'party1': 'B39', 'price': 98.52196001758183, 'qty': 1, 'time': 34.249999999999226, 'type': 'Trade'}
B39, Blotteritem, {'party2': 'B39', 'party1': 'S14', 'price': 93, 'qty': 1, 'time': 66.22500000000649, 'type': 'Trade'}
B39, Blotteritem, {'party2': 'B39', 'party1': 'S26', 'price': 117, 'qty': 1, 'time': 103.53750000001497, 'type': 'Trade'}
B39, Blotteritem, {'party2': 'S06', 'party1': 'B39', 'price': 88.94583333333333, 'qty': 1, 'time': 137.66250000001173, 'type': 'Trade'}
B39, Blotteritem, {'party2': 'S15', 'party1': 'B39', 'price': 114.26081214012616, 'qty': 1, 'time': 180.5749999999727, 'type': 'Trade'}
B39, Blotteritem, {'party2': 'B39', 'party1': 'S14', 'price': 99, 'qty': 1, 'time': 200.17499999995488, 'type': 'Trade'}
B39, Blotteritem, {'party2': 'S21', 'party1': 'B39', 'price': 111.84207437890565, 'qty': 1, 'time': 236.92499999992145, 'type': 'Trade'}
B39, Blotteritem, {'party2': 'S02', 'party1': 'B39', 'price': 92.69238099807882, 'qty': 1, 'time': 270.24999999989114, 'type': 'Trade'}
B39, Blotteritem, {'party2': 'B39', 'party1': 'S16', 'price': 91.0, 'qty': 1, 'time': 296.9874999998668, 'type': 'Trade'}
B39, Blotteritem, {'party2': 'B39', 'party1': 'S25', 'price': 114.0, 'qty': 1, 'time': 302.4124999998619, 'type': 'Trade'}
B39, Blotteritem, {'party2': 'S05', 'party1': 'B39', 'price': 79.86182441230542, 'qty': 1, 'time': 340.9874999998268, 'type': 'Trade'}
B39, Blotteritem, {'party2': 'B39', 'party1': 'S07', 'price': 127.3111111111111, 'qty': 1, 'time': 373.8624999997969, 'type': 'Trade'}
B39, Blotteritem, {'party2': 'B39', 'party1': 'S21', 'price': 105.66666666666667, 'qty': 1, 'time': 402.06249999977126, 'type': 'Trade'}
B39, Blotteritem, {'party2': 'B39', 'party1': 'S12', 'price': 104, 'qty': 1, 'time': 434.59999999974167, 'type': 'Trade'}
B39, Blotteritem, {'party2': 'B39', 'party1': 'S15', 'price': 90.0, 'qty': 1, 'time': 476.2374999997038, 'type': 'Trade'}
B39, Blotteritem, {'party2': 'B39', 'party1': 'S17', 'price': 95.0, 'qty': 1, 'time': 493.3749999996882, 'type': 'Trade'}
B39, Blotteritem, {'party2': 'B39', 'party1': 'S26', 'price': 116, 'qty': 1, 'time': 518.3874999996945, 'type': 'Trade'}
B39, Blotteritem, {'party2': 'B39', 'party1': 'S08', 'price': 101.20481481481481, 'qty': 1, 'time': 572.974999999893, 'type': 'Trade'}
B39, Blotteritem, {'party2': 'B39', 'party1': 'S20', 'price': 101.0, 'qty': 1, 'time': 585.2624999999377, 'type': 'Trade'}
S38, 0
B34, 20
B34, Blotteritem, {'party2': 'B34', 'party1': 'S21', 'price': 107.0, 'qty': 1, 'time': 12.824999999999806, 'type': 'Trade'}
B34, Blotteritem, {'party2': 'B34', 'party1': 'S20', 'price': 101.0, 'qty': 1, 'time': 35.97499999999962, 'type': 'Trade'}
B34, Blotteritem, {'party2': 'B34', 'party1': 'S08', 'price': 101.47222222222223, 'qty': 1, 'time': 88.32500000001151, 'type': 'Trade'}
B34, Blotteritem, {'party2': 'B34', 'party1': 'S25', 'price': 114.0, 'qty': 1, 'time': 100.71250000001433, 'type': 'Trade'}
B34, Blotteritem, {'party2': 'B34', 'party1': 'S24', 'price': 112, 'qty': 1, 'time': 138.85000000001065, 'type': 'Trade'}
B34, Blotteritem, {'party2': 'B34', 'party1': 'S25', 'price': 114.0, 'qty': 1, 'time': 181.5624999999718, 'type': 'Trade'}
B34, Blotteritem, {'party2': 'B34', 'party1': 'S28', 'price': 121, 'qty': 1, 'time': 183.2124999999703, 'type': 'Trade'}
B34, Blotteritem, {'party2': 'B34', 'party1': 'S05', 'price': 89.38212169749237, 'qty': 1, 'time': 214.79999999994158, 'type': 'Trade'}
B34, Blotteritem, {'party2': 'B34', 'party1': 'S08', 'price': 101.00925925925925, 'qty': 1, 'time': 264.937499999896, 'type': 'Trade'}
B34, Blotteritem, {'party2': 'B34', 'party1': 'S11', 'price': 90.24637642663069, 'qty': 1, 'time': 276.52499999988544, 'type': 'Trade'}
B34, Blotteritem, {'party2': 'B34', 'party1': 'S11', 'price': 109.93333333333334, 'qty': 1, 'time': 318.07499999984765, 'type': 'Trade'}
B34, Blotteritem, {'party2': 'B34', 'party1': 'S06', 'price': 85.33609967992685, 'qty': 1, 'time': 361.52499999980813, 'type': 'Trade'}
B34, Blotteritem, {'party2': 'B34', 'party1': 'S25', 'price': 114.0, 'qty': 1, 'time': 365.9749999998041, 'type': 'Trade'}
B34, Blotteritem, {'party2': 'B34', 'party1': 'S24', 'price': 112, 'qty': 1, 'time': 412.51249999976176, 'type': 'Trade'}
B34, Blotteritem, {'party2': 'B34', 'party1': 'S08', 'price': 84.05823045267489, 'qty': 1, 'time': 437.0124999997395, 'type': 'Trade'}
B34, Blotteritem, {'party2': 'B34', 'party1': 'S19', 'price': 98.0, 'qty': 1, 'time': 480.2999999997001, 'type': 'Trade'}
B34, Blotteritem, {'party2': 'B34', 'party1': 'S20', 'price': 101.0, 'qty': 1, 'time': 500.26249999968195, 'type': 'Trade'}
B34, Blotteritem, {'party2': 'B34', 'party1': 'S21', 'price': 104.40466392318244, 'qty': 1, 'time': 537.8624999997653, 'type': 'Trade'}
B34, Blotteritem, {'party2': 'B34', 'party1': 'S10', 'price': 87.0, 'qty': 1, 'time': 566.912499999871, 'type': 'Trade'}
B34, Blotteritem, {'party2': 'B34', 'party1': 'S21', 'price': 103.39506172839506, 'qty': 1, 'time': 574.0124999998968, 'type': 'Trade'}
B35, 4
B35, Blotteritem, {'party2': 'S15', 'party1': 'B35', 'price': 99.0, 'qty': 1, 'time': 484.56249999969623, 'type': 'Trade'}
B35, Blotteritem, {'party2': 'S21', 'party1': 'B35', 'price': 104.0, 'qty': 1, 'time': 504.11249999967845, 'type': 'Trade'}
B35, Blotteritem, {'party2': 'B35', 'party1': 'S16', 'price': 91.0, 'qty': 1, 'time': 532.0874999997443, 'type': 'Trade'}
B35, Blotteritem, {'party2': 'S15', 'party1': 'B35', 'price': 90.18518518518519, 'qty': 1, 'time': 552.1249999998172, 'type': 'Trade'}
B36, 20
B36, Blotteritem, {'party2': 'S01', 'party1': 'B36', 'price': 132, 'qty': 1, 'time': 2.7500000000000053, 'type': 'Trade'}
B36, Blotteritem, {'party2': 'B36', 'party1': 'S05', 'price': 114.60864197530864, 'qty': 1, 'time': 53.287500000003554, 'type': 'Trade'}
B36, Blotteritem, {'party2': 'B36', 'party1': 'S07', 'price': 89.87983947488125, 'qty': 1, 'time': 81.95000000001006, 'type': 'Trade'}
B36, Blotteritem, {'party2': 'S11', 'party1': 'B36', 'price': 88, 'qty': 1, 'time': 113.8000000000173, 'type': 'Trade'}
B36, Blotteritem, {'party2': 'S02', 'party1': 'B36', 'price': 104, 'qty': 1, 'time': 151.8749999999988, 'type': 'Trade'}
B36, Blotteritem, {'party2': 'S07', 'party1': 'B36', 'price': 103, 'qty': 1, 'time': 162.18749999998943, 'type': 'Trade'}
B36, Blotteritem, {'party2': 'S15', 'party1': 'B36', 'price': 97, 'qty': 1, 'time': 198.46249999995644, 'type': 'Trade'}
B36, Blotteritem, {'party2': 'B36', 'party1': 'S07', 'price': 85.24246577214741, 'qty': 1, 'time': 217.8499999999388, 'type': 'Trade'}
B36, Blotteritem, {'party2': 'B36', 'party1': 'S15', 'price': 98.20809835898999, 'qty': 1, 'time': 262.8249999998979, 'type': 'Trade'}
B36, Blotteritem, {'party2': 'B36', 'party1': 'S14', 'price': 93, 'qty': 1, 'time': 300.087499999864, 'type': 'Trade'}
B36, Blotteritem, {'party2': 'S05', 'party1': 'B36', 'price': 100, 'qty': 1, 'time': 326.11249999984034, 'type': 'Trade'}
B36, Blotteritem, {'party2': 'S12', 'party1': 'B36', 'price': 96, 'qty': 1, 'time': 348.5749999998199, 'type': 'Trade'}
B36, Blotteritem, {'party2': 'S29', 'party1': 'B36', 'price': 126, 'qty': 1, 'time': 375.59999999979533, 'type': 'Trade'}
B36, Blotteritem, {'party2': 'B36', 'party1': 'S05', 'price': 78.59156378600824, 'qty': 1, 'time': 399.52499999977357, 'type': 'Trade'}
B36, Blotteritem, {'party2': 'S13', 'party1': 'B36', 'price': 107, 'qty': 1, 'time': 448.3124999997292, 'type': 'Trade'}
B36, Blotteritem, {'party2': 'S16', 'party1': 'B36', 'price': 103, 'qty': 1, 'time': 463.19999999971566, 'type': 'Trade'}
B36, Blotteritem, {'party2': 'S16', 'party1': 'B36', 'price': 102, 'qty': 1, 'time': 510.36249999967276, 'type': 'Trade'}
B36, Blotteritem, {'party2': 'S04', 'party1': 'B36', 'price': 100, 'qty': 1, 'time': 513.3874999996763, 'type': 'Trade'}
B36, Blotteritem, {'party2': 'S11', 'party1': 'B36', 'price': 111, 'qty': 1, 'time': 549.587499999808, 'type': 'Trade'}
B36, Blotteritem, {'party2': 'S02', 'party1': 'B36', 'price': 98, 'qty': 1, 'time': 586.7624999999432, 'type': 'Trade'}
B37, 20
B37, Blotteritem, {'party2': 'B37', 'party1': 'S24', 'price': 116, 'qty': 1, 'time': 10.212499999999954, 'type': 'Trade'}
B37, Blotteritem, {'party2': 'B37', 'party1': 'S08', 'price': 99.96077289712528, 'qty': 1, 'time': 42.08750000000101, 'type': 'Trade'}
B37, Blotteritem, {'party2': 'B37', 'party1': 'S20', 'price': 101.0, 'qty': 1, 'time': 73.16250000000807, 'type': 'Trade'}
B37, Blotteritem, {'party2': 'B37', 'party1': 'S28', 'price': 121, 'qty': 1, 'time': 103.675000000015, 'type': 'Trade'}
B37, Blotteritem, {'party2': 'B37', 'party1': 'S20', 'price': 101.0, 'qty': 1, 'time': 132.25000000001666, 'type': 'Trade'}
B37, Blotteritem, {'party2': 'B37', 'party1': 'S21', 'price': 110.33333333333333, 'qty': 1, 'time': 157.62499999999358, 'type': 'Trade'}
B37, Blotteritem, {'party2': 'B37', 'party1': 'S16', 'price': 91.0, 'qty': 1, 'time': 189.037499999965, 'type': 'Trade'}
B37, Blotteritem, {'party2': 'B37', 'party1': 'S20', 'price': 101.0, 'qty': 1, 'time': 233.93749999992417, 'type': 'Trade'}
B37, Blotteritem, {'party2': 'B37', 'party1': 'S11', 'price': 115.33333333333333, 'qty': 1, 'time': 265.39999999989556, 'type': 'Trade'}
B37, Blotteritem, {'party2': 'B37', 'party1': 'S21', 'price': 104.78518518518518, 'qty': 1, 'time': 277.3499999998847, 'type': 'Trade'}
B37, Blotteritem, {'party2': 'B37', 'party1': 'S25', 'price': 114.0, 'qty': 1, 'time': 316.7249999998489, 'type': 'Trade'}
B37, Blotteritem, {'party2': 'B37', 'party1': 'S20', 'price': 101.0, 'qty': 1, 'time': 332.59999999983444, 'type': 'Trade'}
B37, Blotteritem, {'party2': 'B37', 'party1': 'S26', 'price': 116, 'qty': 1, 'time': 366.87499999980326, 'type': 'Trade'}
B37, Blotteritem, {'party2': 'B37', 'party1': 'S20', 'price': 101.0, 'qty': 1, 'time': 422.28749999975287, 'type': 'Trade'}
B37, Blotteritem, {'party2': 'B37', 'party1': 'S15', 'price': 107.61666666666666, 'qty': 1, 'time': 431.98749999974405, 'type': 'Trade'}
B37, Blotteritem, {'party2': 'B37', 'party1': 'S11', 'price': 82.58108237791213, 'qty': 1, 'time': 453.9124999997241, 'type': 'Trade'}
B37, Blotteritem, {'party2': 'B37', 'party1': 'S00', 'price': 101.00555555555555, 'qty': 1, 'time': 506.0124999996767, 'type': 'Trade'}
B37, Blotteritem, {'party2': 'B37', 'party1': 'S25', 'price': 114.0, 'qty': 1, 'time': 517.6124999996916, 'type': 'Trade'}
B37, Blotteritem, {'party2': 'B37', 'party1': 'S22', 'price': 106.0, 'qty': 1, 'time': 545.5374999997932, 'type': 'Trade'}
B37, Blotteritem, {'party2': 'B37', 'party1': 'S22', 'price': 106.0, 'qty': 1, 'time': 574.8874999999, 'type': 'Trade'}
B30, 5
B30, Blotteritem, {'party2': 'S00', 'party1': 'B30', 'price': 104, 'qty': 1, 'time': 480.99999999969947, 'type': 'Trade'}
B30, Blotteritem, {'party2': 'S08', 'party1': 'B30', 'price': 96.0, 'qty': 1, 'time': 486.72499999969426, 'type': 'Trade'}
B30, Blotteritem, {'party2': 'B30', 'party1': 'S08', 'price': 111.00138888888888, 'qty': 1, 'time': 516.9749999996893, 'type': 'Trade'}
B30, Blotteritem, {'party2': 'B30', 'party1': 'S18', 'price': 96.0, 'qty': 1, 'time': 544.2249999997885, 'type': 'Trade'}
B30, Blotteritem, {'party2': 'B30', 'party1': 'S15', 'price': 93.78518518518518, 'qty': 1, 'time': 590.6124999999572, 'type': 'Trade'}
B31, 20
B31, Blotteritem, {'party2': 'B31', 'party1': 'S11', 'price': 113.895910834881, 'qty': 1, 'time': 9.787499999999978, 'type': 'Trade'}
B31, Blotteritem, {'party2': 'S15', 'party1': 'B31', 'price': 109.66666666666667, 'qty': 1, 'time': 55.50000000000406, 'type': 'Trade'}
B31, Blotteritem, {'party2': 'S12', 'party1': 'B31', 'price': 110.79811252122498, 'qty': 1, 'time': 84.56250000001066, 'type': 'Trade'}
B31, Blotteritem, {'party2': 'S13', 'party1': 'B31', 'price': 86.24730054700333, 'qty': 1, 'time': 115.18750000001762, 'type': 'Trade'}
B31, Blotteritem, {'party2': 'B31', 'party1': 'S07', 'price': 83.13743240319488, 'qty': 1, 'time': 129.17500000001945, 'type': 'Trade'}
B31, Blotteritem, {'party2': 'B31', 'party1': 'S20', 'price': 101.0, 'qty': 1, 'time': 178.23749999997483, 'type': 'Trade'}
B31, Blotteritem, {'party2': 'B31', 'party1': 'S19', 'price': 98.0, 'qty': 1, 'time': 196.9749999999578, 'type': 'Trade'}
B31, Blotteritem, {'party2': 'B31', 'party1': 'S14', 'price': 92, 'qty': 1, 'time': 234.73749999992344, 'type': 'Trade'}
B31, Blotteritem, {'party2': 'S13', 'party1': 'B31', 'price': 92.41974038510389, 'qty': 1, 'time': 263.5999999998972, 'type': 'Trade'}
B31, Blotteritem, {'party2': 'B31', 'party1': 'S07', 'price': 86.56234567901234, 'qty': 1, 'time': 291.7249999998716, 'type': 'Trade'}
B31, Blotteritem, {'party2': 'B31', 'party1': 'S15', 'price': 105.33333333333333, 'qty': 1, 'time': 301.56249999986267, 'type': 'Trade'}
B31, Blotteritem, {'party2': 'S13', 'party1': 'B31', 'price': 99.04938271604938, 'qty': 1, 'time': 350.662499999818, 'type': 'Trade'}
B31, Blotteritem, {'party2': 'S20', 'party1': 'B31', 'price': 127.66666666666667, 'qty': 1, 'time': 373.4374999997973, 'type': 'Trade'}
B31, Blotteritem, {'party2': 'B31', 'party1': 'S15', 'price': 104.0, 'qty': 1, 'time': 410.2499999997638, 'type': 'Trade'}
B31, Blotteritem, {'party2': 'S05', 'party1': 'B31', 'price': 97.21930041152262, 'qty': 1, 'time': 438.3249999997383, 'type': 'Trade'}
B31, Blotteritem, {'party2': 'S08', 'party1': 'B31', 'price': 93.81895049967918, 'qty': 1, 'time': 467.4624999997118, 'type': 'Trade'}
B31, Blotteritem, {'party2': 'S07', 'party1': 'B31', 'price': 90.00046677335773, 'qty': 1, 'time': 498.37499999968367, 'type': 'Trade'}
B31, Blotteritem, {'party2': 'B31', 'party1': 'S14', 'price': 89, 'qty': 1, 'time': 531.0624999997406, 'type': 'Trade'}
B31, Blotteritem, {'party2': 'B31', 'party1': 'S20', 'price': 101.0, 'qty': 1, 'time': 556.4999999998331, 'type': 'Trade'}
B31, Blotteritem, {'party2': 'S14', 'party1': 'B31', 'price': 102.93370394654063, 'qty': 1, 'time': 594.9999999999732, 'type': 'Trade'}
B32, 20
B32, Blotteritem, {'party2': 'S01', 'party1': 'B32', 'price': 100.55616042930812, 'qty': 1, 'time': 32.87499999999891, 'type': 'Trade'}
B32, Blotteritem, {'party2': 'S21', 'party1': 'B32', 'price': 117.27777777777779, 'qty': 1, 'time': 52.33750000000334, 'type': 'Trade'}
B32, Blotteritem, {'party2': 'S01', 'party1': 'B32', 'price': 110.79811252122498, 'qty': 1, 'time': 85.31250000001083, 'type': 'Trade'}
B32, Blotteritem, {'party2': 'B32', 'party1': 'S26', 'price': 118, 'qty': 1, 'time': 105.0000000000153, 'type': 'Trade'}
B32, Blotteritem, {'party2': 'B32', 'party1': 'S19', 'price': 98.0, 'qty': 1, 'time': 146.31250000000387, 'type': 'Trade'}
B32, Blotteritem, {'party2': 'B32', 'party1': 'S14', 'price': 99, 'qty': 1, 'time': 177.29999999997568, 'type': 'Trade'}
B32, Blotteritem, {'party2': 'B32', 'party1': 'S05', 'price': 108.85223690081357, 'qty': 1, 'time': 206.23749999994936, 'type': 'Trade'}
B32, Blotteritem, {'party2': 'B32', 'party1': 'S24', 'price': 113, 'qty': 1, 'time': 236.48749999992185, 'type': 'Trade'}
B32, Blotteritem, {'party2': 'S01', 'party1': 'B32', 'price': 103.29684499314129, 'qty': 1, 'time': 260.01249999990046, 'type': 'Trade'}
B32, Blotteritem, {'party2': 'B32', 'party1': 'S12', 'price': 92, 'qty': 1, 'time': 297.59999999986627, 'type': 'Trade'}
B32, Blotteritem, {'party2': 'B32', 'party1': 'S21', 'price': 103.72921810699589, 'qty': 1, 'time': 325.01249999984134, 'type': 'Trade'}
B32, Blotteritem, {'party2': 'S16', 'party1': 'B32', 'price': 98.53086419753087, 'qty': 1, 'time': 351.5374999998172, 'type': 'Trade'}
B32, Blotteritem, {'party2': 'B32', 'party1': 'S28', 'price': 121, 'qty': 1, 'time': 371.93749999979866, 'type': 'Trade'}
B32, Blotteritem, {'party2': 'S13', 'party1': 'B32', 'price': 88.55, 'qty': 1, 'time': 404.58749999976897, 'type': 'Trade'}
B32, Blotteritem, {'party2': 'S16', 'party1': 'B32', 'price': 109.5, 'qty': 1, 'time': 441.2874999997356, 'type': 'Trade'}
B32, Blotteritem, {'party2': 'S11', 'party1': 'B32', 'price': 97.19444444444444, 'qty': 1, 'time': 478.59999999970165, 'type': 'Trade'}
B32, Blotteritem, {'party2': 'B32', 'party1': 'S22', 'price': 106.0, 'qty': 1, 'time': 501.7499999996806, 'type': 'Trade'}
B32, Blotteritem, {'party2': 'B32', 'party1': 'S24', 'price': 113, 'qty': 1, 'time': 548.0624999998024, 'type': 'Trade'}
B32, Blotteritem, {'party2': 'B32', 'party1': 'S16', 'price': 91.0, 'qty': 1, 'time': 553.1124999998208, 'type': 'Trade'}
B32, Blotteritem, {'party2': 'B32', 'party1': 'S07', 'price': 80.65, 'qty': 1, 'time': 579.9124999999183, 'type': 'Trade'}
B33, 5
B33, Blotteritem, {'party2': 'B33', 'party1': 'S17', 'price': 104.0, 'qty': 1, 'time': 481.3124999996992, 'type': 'Trade'}
B33, Blotteritem, {'party2': 'S05', 'party1': 'B33', 'price': 100.0, 'qty': 1, 'time': 482.624999999698, 'type': 'Trade'}
B33, Blotteritem, {'party2': 'B33', 'party1': 'S11', 'price': 101.30555555555554, 'qty': 1, 'time': 514.5624999996805, 'type': 'Trade'}
B33, Blotteritem, {'party2': 'B33', 'party1': 'S03', 'price': 83.86111111111111, 'qty': 1, 'time': 564.162499999861, 'type': 'Trade'}
B33, Blotteritem, {'party2': 'B33', 'party1': 'S12', 'price': 96, 'qty': 1, 'time': 597.2624999999814, 'type': 'Trade'}
S14, 20
S14, Blotteritem, {'party2': 'B20', 'party1': 'S14', 'price': 99, 'qty': 1, 'time': 24.424999999999148, 'type': 'Trade'}
S14, Blotteritem, {'party2': 'B39', 'party1': 'S14', 'price': 93, 'qty': 1, 'time': 66.22500000000649, 'type': 'Trade'}
S14, Blotteritem, {'party2': 'B20', 'party1': 'S14', 'price': 92, 'qty': 1, 'time': 77.20000000000898, 'type': 'Trade'}
S14, Blotteritem, {'party2': 'B23', 'party1': 'S14', 'price': 90, 'qty': 1, 'time': 119.36250000001857, 'type': 'Trade'}
S14, Blotteritem, {'party2': 'B27', 'party1': 'S14', 'price': 97, 'qty': 1, 'time': 146.150000000004, 'type': 'Trade'}
S14, Blotteritem, {'party2': 'B32', 'party1': 'S14', 'price': 99, 'qty': 1, 'time': 177.29999999997568, 'type': 'Trade'}
S14, Blotteritem, {'party2': 'B39', 'party1': 'S14', 'price': 99, 'qty': 1, 'time': 200.17499999995488, 'type': 'Trade'}
S14, Blotteritem, {'party2': 'B31', 'party1': 'S14', 'price': 92, 'qty': 1, 'time': 234.73749999992344, 'type': 'Trade'}
S14, Blotteritem, {'party2': 'B23', 'party1': 'S14', 'price': 98, 'qty': 1, 'time': 271.13749999989034, 'type': 'Trade'}
S14, Blotteritem, {'party2': 'B36', 'party1': 'S14', 'price': 93, 'qty': 1, 'time': 300.087499999864, 'type': 'Trade'}
S14, Blotteritem, {'party2': 'S14', 'party1': 'B23', 'price': 108.0, 'qty': 1, 'time': 317.5874999998481, 'type': 'Trade'}
S14, Blotteritem, {'party2': 'B19', 'party1': 'S14', 'price': 87, 'qty': 1, 'time': 344.3874999998237, 'type': 'Trade'}
S14, Blotteritem, {'party2': 'B26', 'party1': 'S14', 'price': 105, 'qty': 1, 'time': 390.42499999978185, 'type': 'Trade'}
S14, Blotteritem, {'party2': 'S14', 'party1': 'B20', 'price': 101.0, 'qty': 1, 'time': 397.4874999997754, 'type': 'Trade'}
S14, Blotteritem, {'party2': 'B23', 'party1': 'S14', 'price': 103, 'qty': 1, 'time': 434.9249999997414, 'type': 'Trade'}
S14, Blotteritem, {'party2': 'B26', 'party1': 'S14', 'price': 87, 'qty': 1, 'time': 476.07499999970395, 'type': 'Trade'}
S14, Blotteritem, {'party2': 'S14', 'party1': 'B24', 'price': 111.0, 'qty': 1, 'time': 509.82499999967325, 'type': 'Trade'}
S14, Blotteritem, {'party2': 'B31', 'party1': 'S14', 'price': 89, 'qty': 1, 'time': 531.0624999997406, 'type': 'Trade'}
S14, Blotteritem, {'party2': 'S14', 'party1': 'B24', 'price': 111.0, 'qty': 1, 'time': 547.1749999997992, 'type': 'Trade'}
S14, Blotteritem, {'party2': 'S14', 'party1': 'B31', 'price': 102.93370394654063, 'qty': 1, 'time': 594.9999999999732, 'type': 'Trade'}
S33, 0
S35, 0
S10, 5
S10, Blotteritem, {'party2': 'S10', 'party1': 'B25', 'price': 104, 'qty': 1, 'time': 480.91249999969955, 'type': 'Trade'}
S10, Blotteritem, {'party2': 'B27', 'party1': 'S10', 'price': 94.44444444444444, 'qty': 1, 'time': 487.6874999996934, 'type': 'Trade'}
S10, Blotteritem, {'party2': 'B29', 'party1': 'S10', 'price': 91.0, 'qty': 1, 'time': 542.9499999997838, 'type': 'Trade'}
S10, Blotteritem, {'party2': 'B34', 'party1': 'S10', 'price': 87.0, 'qty': 1, 'time': 566.912499999871, 'type': 'Trade'}
S10, Blotteritem, {'party2': 'S10', 'party1': 'B14', 'price': 84.47259313897567, 'qty': 1, 'time': 598.8499999999872, 'type': 'Trade'}
S12, 19
S12, Blotteritem, {'party2': 'S12', 'party1': 'B23', 'price': 108.0, 'qty': 1, 'time': 10.549999999999935, 'type': 'Trade'}
S12, Blotteritem, {'party2': 'B28', 'party1': 'S12', 'price': 90, 'qty': 1, 'time': 63.537500000005885, 'type': 'Trade'}
S12, Blotteritem, {'party2': 'S12', 'party1': 'B31', 'price': 110.79811252122498, 'qty': 1, 'time': 84.56250000001066, 'type': 'Trade'}
S12, Blotteritem, {'party2': 'B20', 'party1': 'S12', 'price': 88, 'qty': 1, 'time': 125.98750000002008, 'type': 'Trade'}
S12, Blotteritem, {'party2': 'B23', 'party1': 'S12', 'price': 99, 'qty': 1, 'time': 173.5374999999791, 'type': 'Trade'}
S12, Blotteritem, {'party2': 'B23', 'party1': 'S12', 'price': 105, 'qty': 1, 'time': 208.0624999999477, 'type': 'Trade'}
S12, Blotteritem, {'party2': 'B20', 'party1': 'S12', 'price': 92, 'qty': 1, 'time': 230.5124999999273, 'type': 'Trade'}
S12, Blotteritem, {'party2': 'B20', 'party1': 'S12', 'price': 83, 'qty': 1, 'time': 253.5999999999063, 'type': 'Trade'}
S12, Blotteritem, {'party2': 'B32', 'party1': 'S12', 'price': 92, 'qty': 1, 'time': 297.59999999986627, 'type': 'Trade'}
S12, Blotteritem, {'party2': 'B23', 'party1': 'S12', 'price': 101, 'qty': 1, 'time': 334.187499999833, 'type': 'Trade'}
S12, Blotteritem, {'party2': 'S12', 'party1': 'B36', 'price': 96, 'qty': 1, 'time': 348.5749999998199, 'type': 'Trade'}
S12, Blotteritem, {'party2': 'B27', 'party1': 'S12', 'price': 117, 'qty': 1, 'time': 382.16249999978936, 'type': 'Trade'}
S12, Blotteritem, {'party2': 'S12', 'party1': 'B21', 'price': 99.66666666666667, 'qty': 1, 'time': 411.137499999763, 'type': 'Trade'}
S12, Blotteritem, {'party2': 'B39', 'party1': 'S12', 'price': 104, 'qty': 1, 'time': 434.59999999974167, 'type': 'Trade'}
S12, Blotteritem, {'party2': 'B28', 'party1': 'S12', 'price': 87, 'qty': 1, 'time': 476.04999999970397, 'type': 'Trade'}
S12, Blotteritem, {'party2': 'B28', 'party1': 'S12', 'price': 97, 'qty': 1, 'time': 488.58749999969257, 'type': 'Trade'}
S12, Blotteritem, {'party2': 'B27', 'party1': 'S12', 'price': 89, 'qty': 1, 'time': 527.4874999997276, 'type': 'Trade'}
S12, Blotteritem, {'party2': 'S12', 'party1': 'B23', 'price': 108.0, 'qty': 1, 'time': 553.4874999998221, 'type': 'Trade'}
S12, Blotteritem, {'party2': 'B33', 'party1': 'S12', 'price': 96, 'qty': 1, 'time': 597.2624999999814, 'type': 'Trade'}
S11, 20
S11, Blotteritem, {'party2': 'B31', 'party1': 'S11', 'price': 113.895910834881, 'qty': 1, 'time': 9.787499999999978, 'type': 'Trade'}
S11, Blotteritem, {'party2': 'S11', 'party1': 'B26', 'price': 116.0, 'qty': 1, 'time': 39.05000000000032, 'type': 'Trade'}
S11, Blotteritem, {'party2': 'B23', 'party1': 'S11', 'price': 88.45581804941658, 'qty': 1, 'time': 77.53750000000906, 'type': 'Trade'}
S11, Blotteritem, {'party2': 'S11', 'party1': 'B36', 'price': 88, 'qty': 1, 'time': 113.8000000000173, 'type': 'Trade'}
S11, Blotteritem, {'party2': 'S11', 'party1': 'B13', 'price': 82.97377421584056, 'qty': 1, 'time': 128.7875000000198, 'type': 'Trade'}
S11, Blotteritem, {'party2': 'S11', 'party1': 'B21', 'price': 100.99176469678143, 'qty': 1, 'time': 152.749999999998, 'type': 'Trade'}
S11, Blotteritem, {'party2': 'S11', 'party1': 'B22', 'price': 97, 'qty': 1, 'time': 198.58749999995632, 'type': 'Trade'}
S11, Blotteritem, {'party2': 'B23', 'party1': 'S11', 'price': 89.72015549304038, 'qty': 1, 'time': 223.48749999993368, 'type': 'Trade'}
S11, Blotteritem, {'party2': 'B37', 'party1': 'S11', 'price': 115.33333333333333, 'qty': 1, 'time': 265.39999999989556, 'type': 'Trade'}
S11, Blotteritem, {'party2': 'B34', 'party1': 'S11', 'price': 90.24637642663069, 'qty': 1, 'time': 276.52499999988544, 'type': 'Trade'}
S11, Blotteritem, {'party2': 'B34', 'party1': 'S11', 'price': 109.93333333333334, 'qty': 1, 'time': 318.07499999984765, 'type': 'Trade'}
S11, Blotteritem, {'party2': 'S11', 'party1': 'B14', 'price': 82.4156378600823, 'qty': 1, 'time': 339.07499999982855, 'type': 'Trade'}
S11, Blotteritem, {'party2': 'S11', 'party1': 'B24', 'price': 111.0, 'qty': 1, 'time': 361.04999999980856, 'type': 'Trade'}
S11, Blotteritem, {'party2': 'B23', 'party1': 'S11', 'price': 98.35, 'qty': 1, 'time': 420.1499999997548, 'type': 'Trade'}
S11, Blotteritem, {'party2': 'B37', 'party1': 'S11', 'price': 82.58108237791213, 'qty': 1, 'time': 453.9124999997241, 'type': 'Trade'}
S11, Blotteritem, {'party2': 'S11', 'party1': 'B32', 'price': 97.19444444444444, 'qty': 1, 'time': 478.59999999970165, 'type': 'Trade'}
S11, Blotteritem, {'party2': 'B33', 'party1': 'S11', 'price': 101.30555555555554, 'qty': 1, 'time': 514.5624999996805, 'type': 'Trade'}
S11, Blotteritem, {'party2': 'B28', 'party1': 'S11', 'price': 85.13662043387696, 'qty': 1, 'time': 527.337499999727, 'type': 'Trade'}
S11, Blotteritem, {'party2': 'S11', 'party1': 'B36', 'price': 111, 'qty': 1, 'time': 549.587499999808, 'type': 'Trade'}
S11, Blotteritem, {'party2': 'B29', 'party1': 'S11', 'price': 79.48148148148148, 'qty': 1, 'time': 583.674999999932, 'type': 'Trade'}
S06, 19
S06, Blotteritem, {'party2': 'B23', 'party1': 'S06', 'price': 92.479906526446, 'qty': 1, 'time': 31.174999999998764, 'type': 'Trade'}
S06, Blotteritem, {'party2': 'S06', 'party1': 'B19', 'price': 98.0, 'qty': 1, 'time': 60.0875000000051, 'type': 'Trade'}
S06, Blotteritem, {'party2': 'B19', 'party1': 'S06', 'price': 83.02297545436188, 'qty': 1, 'time': 95.42500000001313, 'type': 'Trade'}
S06, Blotteritem, {'party2': 'B28', 'party1': 'S06', 'price': 92.37345679012346, 'qty': 1, 'time': 107.87500000001596, 'type': 'Trade'}
S06, Blotteritem, {'party2': 'S06', 'party1': 'B39', 'price': 88.94583333333333, 'qty': 1, 'time': 137.66250000001173, 'type': 'Trade'}
S06, Blotteritem, {'party2': 'B27', 'party1': 'S06', 'price': 104.11111111111111, 'qty': 1, 'time': 163.68749999998806, 'type': 'Trade'}
S06, Blotteritem, {'party2': 'S06', 'party1': 'B20', 'price': 101.0, 'qty': 1, 'time': 203.63749999995173, 'type': 'Trade'}
S06, Blotteritem, {'party2': 'S06', 'party1': 'B22', 'price': 90, 'qty': 1, 'time': 233.84999999992425, 'type': 'Trade'}
S06, Blotteritem, {'party2': 'S06', 'party1': 'B22', 'price': 95, 'qty': 1, 'time': 267.8999999998933, 'type': 'Trade'}
S06, Blotteritem, {'party2': 'B20', 'party1': 'S06', 'price': 88.32206218564244, 'qty': 1, 'time': 295.86249999986785, 'type': 'Trade'}
S06, Blotteritem, {'party2': 'S06', 'party1': 'B22', 'price': 105, 'qty': 1, 'time': 306.62499999985806, 'type': 'Trade'}
S06, Blotteritem, {'party2': 'B34', 'party1': 'S06', 'price': 85.33609967992685, 'qty': 1, 'time': 361.52499999980813, 'type': 'Trade'}
S06, Blotteritem, {'party2': 'S06', 'party1': 'B15', 'price': 86.44170096021948, 'qty': 1, 'time': 394.0874999997785, 'type': 'Trade'}
S06, Blotteritem, {'party2': 'S06', 'party1': 'B19', 'price': 98.0, 'qty': 1, 'time': 451.57499999972623, 'type': 'Trade'}
S06, Blotteritem, {'party2': 'B24', 'party1': 'S06', 'price': 103.36851851851851, 'qty': 1, 'time': 465.012499999714, 'type': 'Trade'}
S06, Blotteritem, {'party2': 'S06', 'party1': 'B20', 'price': 101.0, 'qty': 1, 'time': 505.8249999996769, 'type': 'Trade'}
S06, Blotteritem, {'party2': 'S06', 'party1': 'B38', 'price': 99.0, 'qty': 1, 'time': 512.8999999996745, 'type': 'Trade'}
S06, Blotteritem, {'party2': 'B19', 'party1': 'S06', 'price': 74.29938271604938, 'qty': 1, 'time': 565.2999999998651, 'type': 'Trade'}
S06, Blotteritem, {'party2': 'S06', 'party1': 'B17', 'price': 93.0, 'qty': 1, 'time': 578.5749999999134, 'type': 'Trade'}
S22, 4
S22, Blotteritem, {'party2': 'B32', 'party1': 'S22', 'price': 106.0, 'qty': 1, 'time': 501.7499999996806, 'type': 'Trade'}
S22, Blotteritem, {'party2': 'B37', 'party1': 'S22', 'price': 106.0, 'qty': 1, 'time': 545.5374999997932, 'type': 'Trade'}
S22, Blotteritem, {'party2': 'B37', 'party1': 'S22', 'price': 106.0, 'qty': 1, 'time': 574.8874999999, 'type': 'Trade'}
S22, Blotteritem, {'party2': 'B23', 'party1': 'S22', 'price': 106.0, 'qty': 1, 'time': 594.962499999973, 'type': 'Trade'}
B01, 0
B00, 0
B03, 0
B02, 0
B05, 0
B04, 0
B07, 0
B06, 0
B09, 0
B08, 0
S28, 4
S28, Blotteritem, {'party2': 'B37', 'party1': 'S28', 'price': 121, 'qty': 1, 'time': 103.675000000015, 'type': 'Trade'}
S28, Blotteritem, {'party2': 'B34', 'party1': 'S28', 'price': 121, 'qty': 1, 'time': 183.2124999999703, 'type': 'Trade'}
S28, Blotteritem, {'party2': 'B28', 'party1': 'S28', 'price': 121, 'qty': 1, 'time': 263.84999999989697, 'type': 'Trade'}
S28, Blotteritem, {'party2': 'B32', 'party1': 'S28', 'price': 121, 'qty': 1, 'time': 371.93749999979866, 'type': 'Trade'}
S17, 5
S17, Blotteritem, {'party2': 'B33', 'party1': 'S17', 'price': 104.0, 'qty': 1, 'time': 481.3124999996992, 'type': 'Trade'}
S17, Blotteritem, {'party2': 'B39', 'party1': 'S17', 'price': 95.0, 'qty': 1, 'time': 493.3749999996882, 'type': 'Trade'}
S17, Blotteritem, {'party2': 'S17', 'party1': 'B24', 'price': 111.0, 'qty': 1, 'time': 520.2874999997014, 'type': 'Trade'}
S17, Blotteritem, {'party2': 'B17', 'party1': 'S17', 'price': 93.0, 'qty': 1, 'time': 553.162499999821, 'type': 'Trade'}
S17, Blotteritem, {'party2': 'B20', 'party1': 'S17', 'price': 93.0, 'qty': 1, 'time': 596.324999999978, 'type': 'Trade'}
S36, 0
S13, 20
S13, Blotteritem, {'party2': 'S13', 'party1': 'B21', 'price': 96.02263092234134, 'qty': 1, 'time': 25.77499999999907, 'type': 'Trade'}
S13, Blotteritem, {'party2': 'S13', 'party1': 'B39', 'price': 98.52196001758183, 'qty': 1, 'time': 34.249999999999226, 'type': 'Trade'}
S13, Blotteritem, {'party2': 'S13', 'party1': 'B19', 'price': 98.0, 'qty': 1, 'time': 87.65000000001136, 'type': 'Trade'}
S13, Blotteritem, {'party2': 'S13', 'party1': 'B31', 'price': 86.24730054700333, 'qty': 1, 'time': 115.18750000001762, 'type': 'Trade'}
S13, Blotteritem, {'party2': 'S13', 'party1': 'B22', 'price': 85, 'qty': 1, 'time': 137.95000000001147, 'type': 'Trade'}
S13, Blotteritem, {'party2': 'B15', 'party1': 'S13', 'price': 83.0, 'qty': 1, 'time': 155.89999999999515, 'type': 'Trade'}
S13, Blotteritem, {'party2': 'S13', 'party1': 'B22', 'price': 105, 'qty': 1, 'time': 182.49999999997095, 'type': 'Trade'}
S13, Blotteritem, {'party2': 'S13', 'party1': 'B21', 'price': 92.33333333333333, 'qty': 1, 'time': 232.31249999992565, 'type': 'Trade'}
S13, Blotteritem, {'party2': 'S13', 'party1': 'B31', 'price': 92.41974038510389, 'qty': 1, 'time': 263.5999999998972, 'type': 'Trade'}
S13, Blotteritem, {'party2': 'S13', 'party1': 'B15', 'price': 87.38545953360769, 'qty': 1, 'time': 298.62499999986534, 'type': 'Trade'}
S13, Blotteritem, {'party2': 'S13', 'party1': 'B21', 'price': 102.80767159477722, 'qty': 1, 'time': 312.8624999998524, 'type': 'Trade'}
S13, Blotteritem, {'party2': 'S13', 'party1': 'B31', 'price': 99.04938271604938, 'qty': 1, 'time': 350.662499999818, 'type': 'Trade'}
S13, Blotteritem, {'party2': 'S13', 'party1': 'B22', 'price': 97, 'qty': 1, 'time': 390.6749999997816, 'type': 'Trade'}
S13, Blotteritem, {'party2': 'S13', 'party1': 'B32', 'price': 88.55, 'qty': 1, 'time': 404.58749999976897, 'type': 'Trade'}
S13, Blotteritem, {'party2': 'S13', 'party1': 'B36', 'price': 107, 'qty': 1, 'time': 448.3124999997292, 'type': 'Trade'}
S13, Blotteritem, {'party2': 'S13', 'party1': 'B14', 'price': 84.67978383301251, 'qty': 1, 'time': 468.1999999997111, 'type': 'Trade'}
S13, Blotteritem, {'party2': 'S13', 'party1': 'B17', 'price': 93.0, 'qty': 1, 'time': 488.3374999996928, 'type': 'Trade'}
S13, Blotteritem, {'party2': 'S13', 'party1': 'B16', 'price': 91.0, 'qty': 1, 'time': 539.0374999997696, 'type': 'Trade'}
S13, Blotteritem, {'party2': 'S13', 'party1': 'B16', 'price': 91.0, 'qty': 1, 'time': 555.1124999998281, 'type': 'Trade'}
S13, Blotteritem, {'party2': 'B27', 'party1': 'S13', 'price': 83.0, 'qty': 1, 'time': 583.7624999999323, 'type': 'Trade'}
S08, 20
S08, Blotteritem, {'party2': 'S08', 'party1': 'B22', 'price': 102, 'qty': 1, 'time': 15.062499999999678, 'type': 'Trade'}
S08, Blotteritem, {'party2': 'B37', 'party1': 'S08', 'price': 99.96077289712528, 'qty': 1, 'time': 42.08750000000101, 'type': 'Trade'}
S08, Blotteritem, {'party2': 'B34', 'party1': 'S08', 'price': 101.47222222222223, 'qty': 1, 'time': 88.32500000001151, 'type': 'Trade'}
S08, Blotteritem, {'party2': 'S08', 'party1': 'B13', 'price': 82.99255696566941, 'qty': 1, 'time': 95.08750000001305, 'type': 'Trade'}
S08, Blotteritem, {'party2': 'B26', 'party1': 'S08', 'price': 90.8717361111111, 'qty': 1, 'time': 137.77500000001163, 'type': 'Trade'}
S08, Blotteritem, {'party2': 'S08', 'party1': 'B19', 'price': 98.0, 'qty': 1, 'time': 154.77499999999617, 'type': 'Trade'}
S08, Blotteritem, {'party2': 'S08', 'party1': 'B21', 'price': 90.15107453132144, 'qty': 1, 'time': 186.0624999999677, 'type': 'Trade'}
S08, Blotteritem, {'party2': 'S08', 'party1': 'B19', 'price': 98.0, 'qty': 1, 'time': 212.53749999994363, 'type': 'Trade'}
S08, Blotteritem, {'party2': 'B34', 'party1': 'S08', 'price': 101.00925925925925, 'qty': 1, 'time': 264.937499999896, 'type': 'Trade'}
S08, Blotteritem, {'party2': 'B26', 'party1': 'S08', 'price': 103.84640503947905, 'qty': 1, 'time': 279.91249999988236, 'type': 'Trade'}
S08, Blotteritem, {'party2': 'B27', 'party1': 'S08', 'price': 110.56666666666666, 'qty': 1, 'time': 303.24999999986113, 'type': 'Trade'}
S08, Blotteritem, {'party2': 'S08', 'party1': 'B13', 'price': 82.44398719707361, 'qty': 1, 'time': 340.49999999982725, 'type': 'Trade'}
S08, Blotteritem, {'party2': 'S08', 'party1': 'B21', 'price': 100.77777777777779, 'qty': 1, 'time': 385.56249999978627, 'type': 'Trade'}
S08, Blotteritem, {'party2': 'S08', 'party1': 'B19', 'price': 98.0, 'qty': 1, 'time': 421.77499999975333, 'type': 'Trade'}
S08, Blotteritem, {'party2': 'B34', 'party1': 'S08', 'price': 84.05823045267489, 'qty': 1, 'time': 437.0124999997395, 'type': 'Trade'}
S08, Blotteritem, {'party2': 'S08', 'party1': 'B31', 'price': 93.81895049967918, 'qty': 1, 'time': 467.4624999997118, 'type': 'Trade'}
S08, Blotteritem, {'party2': 'S08', 'party1': 'B30', 'price': 96.0, 'qty': 1, 'time': 486.72499999969426, 'type': 'Trade'}
S08, Blotteritem, {'party2': 'B30', 'party1': 'S08', 'price': 111.00138888888888, 'qty': 1, 'time': 516.9749999996893, 'type': 'Trade'}
S08, Blotteritem, {'party2': 'B25', 'party1': 'S08', 'price': 92.8, 'qty': 1, 'time': 566.1124999998681, 'type': 'Trade'}
S08, Blotteritem, {'party2': 'B39', 'party1': 'S08', 'price': 101.20481481481481, 'qty': 1, 'time': 572.974999999893, 'type': 'Trade'}
S09, 5
S09, Blotteritem, {'party2': 'B38', 'party1': 'S09', 'price': 104.0, 'qty': 1, 'time': 481.1749999996993, 'type': 'Trade'}
S09, Blotteritem, {'party2': 'B23', 'party1': 'S09', 'price': 95.0, 'qty': 1, 'time': 495.7249999996861, 'type': 'Trade'}
S09, Blotteritem, {'party2': 'S09', 'party1': 'B23', 'price': 108.0, 'qty': 1, 'time': 520.5249999997022, 'type': 'Trade'}
S09, Blotteritem, {'party2': 'S09', 'party1': 'B10', 'price': 74, 'qty': 1, 'time': 565.1124999998644, 'type': 'Trade'}
S09, Blotteritem, {'party2': 'B15', 'party1': 'S09', 'price': 78.0, 'qty': 1, 'time': 584.3499999999344, 'type': 'Trade'}
S23, 3
S23, Blotteritem, {'party2': 'B26', 'party1': 'S23', 'price': 108.0, 'qty': 1, 'time': 502.14999999968023, 'type': 'Trade'}
S23, Blotteritem, {'party2': 'B38', 'party1': 'S23', 'price': 108.0, 'qty': 1, 'time': 546.5999999997971, 'type': 'Trade'}
S23, Blotteritem, {'party2': 'B24', 'party1': 'S23', 'price': 108.0, 'qty': 1, 'time': 579.574999999917, 'type': 'Trade'}
S30, 0
S37, 0
B29, 5
B29, Blotteritem, {'party2': 'B29', 'party1': 'S18', 'price': 104.0, 'qty': 1, 'time': 481.67499999969885, 'type': 'Trade'}
B29, Blotteritem, {'party2': 'S01', 'party1': 'B29', 'price': 102.0, 'qty': 1, 'time': 511.212499999672, 'type': 'Trade'}
B29, Blotteritem, {'party2': 'B29', 'party1': 'S10', 'price': 91.0, 'qty': 1, 'time': 542.9499999997838, 'type': 'Trade'}
B29, Blotteritem, {'party2': 'B29', 'party1': 'S26', 'price': 116, 'qty': 1, 'time': 558.1624999998392, 'type': 'Trade'}
B29, Blotteritem, {'party2': 'B29', 'party1': 'S11', 'price': 79.48148148148148, 'qty': 1, 'time': 583.674999999932, 'type': 'Trade'}
B28, 20
B28, Blotteritem, {'party2': 'B28', 'party1': 'S05', 'price': 100.09444444444443, 'qty': 1, 'time': 18.337499999999494, 'type': 'Trade'}
B28, Blotteritem, {'party2': 'B28', 'party1': 'S26', 'price': 117, 'qty': 1, 'time': 46.26250000000196, 'type': 'Trade'}
B28, Blotteritem, {'party2': 'B28', 'party1': 'S12', 'price': 90, 'qty': 1, 'time': 63.537500000005885, 'type': 'Trade'}
B28, Blotteritem, {'party2': 'B28', 'party1': 'S06', 'price': 92.37345679012346, 'qty': 1, 'time': 107.87500000001596, 'type': 'Trade'}
B28, Blotteritem, {'party2': 'B28', 'party1': 'S21', 'price': 105.17283950617283, 'qty': 1, 'time': 133.37500000001563, 'type': 'Trade'}
B28, Blotteritem, {'party2': 'B28', 'party1': 'S05', 'price': 88.3077466736665, 'qty': 1, 'time': 156.54999999999455, 'type': 'Trade'}
B28, Blotteritem, {'party2': 'B28', 'party1': 'S26', 'price': 116, 'qty': 1, 'time': 181.0124999999723, 'type': 'Trade'}
B28, Blotteritem, {'party2': 'B28', 'party1': 'S25', 'price': 114.0, 'qty': 1, 'time': 239.33749999991926, 'type': 'Trade'}
B28, Blotteritem, {'party2': 'B28', 'party1': 'S28', 'price': 121, 'qty': 1, 'time': 263.84999999989697, 'type': 'Trade'}
B28, Blotteritem, {'party2': 'B28', 'party1': 'S05', 'price': 87.07426036003997, 'qty': 1, 'time': 299.79999999986427, 'type': 'Trade'}
B28, Blotteritem, {'party2': 'B28', 'party1': 'S07', 'price': 103.54485867669224, 'qty': 1, 'time': 310.69999999985436, 'type': 'Trade'}
B28, Blotteritem, {'party2': 'B28', 'party1': 'S21', 'price': 103.104049179495, 'qty': 1, 'time': 357.98749999981135, 'type': 'Trade'}
B28, Blotteritem, {'party2': 'B28', 'party1': 'S16', 'price': 91.0, 'qty': 1, 'time': 362.5624999998072, 'type': 'Trade'}
B28, Blotteritem, {'party2': 'B28', 'party1': 'S16', 'price': 91.0, 'qty': 1, 'time': 396.4999999997763, 'type': 'Trade'}
B28, Blotteritem, {'party2': 'B28', 'party1': 'S07', 'price': 106.7, 'qty': 1, 'time': 429.849999999746, 'type': 'Trade'}
B28, Blotteritem, {'party2': 'B28', 'party1': 'S12', 'price': 87, 'qty': 1, 'time': 476.04999999970397, 'type': 'Trade'}
B28, Blotteritem, {'party2': 'B28', 'party1': 'S12', 'price': 97, 'qty': 1, 'time': 488.58749999969257, 'type': 'Trade'}
B28, Blotteritem, {'party2': 'B28', 'party1': 'S11', 'price': 85.13662043387696, 'qty': 1, 'time': 527.337499999727, 'type': 'Trade'}
B28, Blotteritem, {'party2': 'B28', 'party1': 'S05', 'price': 87.73216735253773, 'qty': 1, 'time': 552.9624999998202, 'type': 'Trade'}
B28, Blotteritem, {'party2': 'B28', 'party1': 'S21', 'price': 103.5925925925926, 'qty': 1, 'time': 594.1499999999701, 'type': 'Trade'}
B27, 20
B27, Blotteritem, {'party2': 'B27', 'party1': 'S20', 'price': 101.0, 'qty': 1, 'time': 27.37499999999898, 'type': 'Trade'}
B27, Blotteritem, {'party2': 'B27', 'party1': 'S25', 'price': 114.0, 'qty': 1, 'time': 33.82499999999913, 'type': 'Trade'}
B27, Blotteritem, {'party2': 'B27', 'party1': 'S24', 'price': 112, 'qty': 1, 'time': 89.5625000000118, 'type': 'Trade'}
B27, Blotteritem, {'party2': 'B27', 'party1': 'S19', 'price': 98.0, 'qty': 1, 'time': 120.22500000001877, 'type': 'Trade'}
B27, Blotteritem, {'party2': 'B27', 'party1': 'S14', 'price': 97, 'qty': 1, 'time': 146.150000000004, 'type': 'Trade'}
B27, Blotteritem, {'party2': 'B27', 'party1': 'S06', 'price': 104.11111111111111, 'qty': 1, 'time': 163.68749999998806, 'type': 'Trade'}
B27, Blotteritem, {'party2': 'B27', 'party1': 'S07', 'price': 92.75656109207482, 'qty': 1, 'time': 194.46249999996007, 'type': 'Trade'}
B27, Blotteritem, {'party2': 'B27', 'party1': 'S16', 'price': 91.0, 'qty': 1, 'time': 217.91249999993875, 'type': 'Trade'}
B27, Blotteritem, {'party2': 'B27', 'party1': 'S20', 'price': 101.0, 'qty': 1, 'time': 256.5624999999036, 'type': 'Trade'}
B27, Blotteritem, {'party2': 'B27', 'party1': 'S24', 'price': 114, 'qty': 1, 'time': 293.87499999986966, 'type': 'Trade'}
B27, Blotteritem, {'party2': 'B27', 'party1': 'S08', 'price': 110.56666666666666, 'qty': 1, 'time': 303.24999999986113, 'type': 'Trade'}
B27, Blotteritem, {'party2': 'B27', 'party1': 'S15', 'price': 92.54849362393944, 'qty': 1, 'time': 354.1624999998148, 'type': 'Trade'}
B27, Blotteritem, {'party2': 'B27', 'party1': 'S12', 'price': 117, 'qty': 1, 'time': 382.16249999978936, 'type': 'Trade'}
B27, Blotteritem, {'party2': 'B27', 'party1': 'S07', 'price': 86.01851851851852, 'qty': 1, 'time': 394.7624999997779, 'type': 'Trade'}
B27, Blotteritem, {'party2': 'B27', 'party1': 'S24', 'price': 113, 'qty': 1, 'time': 442.7249999997343, 'type': 'Trade'}
B27, Blotteritem, {'party2': 'B27', 'party1': 'S25', 'price': 114.0, 'qty': 1, 'time': 455.5624999997226, 'type': 'Trade'}
B27, Blotteritem, {'party2': 'B27', 'party1': 'S10', 'price': 94.44444444444444, 'qty': 1, 'time': 487.6874999996934, 'type': 'Trade'}
B27, Blotteritem, {'party2': 'B27', 'party1': 'S12', 'price': 89, 'qty': 1, 'time': 527.4874999997276, 'type': 'Trade'}
B27, Blotteritem, {'party2': 'B27', 'party1': 'S18', 'price': 96.0, 'qty': 1, 'time': 568.8874999998782, 'type': 'Trade'}
B27, Blotteritem, {'party2': 'B27', 'party1': 'S13', 'price': 83.0, 'qty': 1, 'time': 583.7624999999323, 'type': 'Trade'}
B26, 20
B26, Blotteritem, {'party2': 'B26', 'party1': 'S07', 'price': 110.11394055658732, 'qty': 1, 'time': 7.962500000000079, 'type': 'Trade'}
B26, Blotteritem, {'party2': 'S11', 'party1': 'B26', 'price': 116.0, 'qty': 1, 'time': 39.05000000000032, 'type': 'Trade'}
B26, Blotteritem, {'party2': 'B26', 'party1': 'S19', 'price': 98.0, 'qty': 1, 'time': 74.03750000000827, 'type': 'Trade'}
B26, Blotteritem, {'party2': 'B26', 'party1': 'S15', 'price': 99.55555555555556, 'qty': 1, 'time': 97.9625000000137, 'type': 'Trade'}
B26, Blotteritem, {'party2': 'B26', 'party1': 'S08', 'price': 90.8717361111111, 'qty': 1, 'time': 137.77500000001163, 'type': 'Trade'}
B26, Blotteritem, {'party2': 'B26', 'party1': 'S24', 'price': 112, 'qty': 1, 'time': 164.03749999998774, 'type': 'Trade'}
B26, Blotteritem, {'party2': 'B26', 'party1': 'S24', 'price': 111, 'qty': 1, 'time': 204.79999999995067, 'type': 'Trade'}
B26, Blotteritem, {'party2': 'B26', 'party1': 'S26', 'price': 116, 'qty': 1, 'time': 240.67499999991804, 'type': 'Trade'}
B26, Blotteritem, {'party2': 'B26', 'party1': 'S21', 'price': 103.20809835898999, 'qty': 1, 'time': 263.1624999998976, 'type': 'Trade'}
B26, Blotteritem, {'party2': 'B26', 'party1': 'S08', 'price': 103.84640503947905, 'qty': 1, 'time': 279.91249999988236, 'type': 'Trade'}
B26, Blotteritem, {'party2': 'B26', 'party1': 'S15', 'price': 102.91852461515013, 'qty': 1, 'time': 308.92499999985597, 'type': 'Trade'}
B26, Blotteritem, {'party2': 'B26', 'party1': 'S24', 'price': 112, 'qty': 1, 'time': 358.2874999998111, 'type': 'Trade'}
B26, Blotteritem, {'party2': 'B26', 'party1': 'S14', 'price': 105, 'qty': 1, 'time': 390.42499999978185, 'type': 'Trade'}
B26, Blotteritem, {'party2': 'B26', 'party1': 'S25', 'price': 114.0, 'qty': 1, 'time': 415.49999999975904, 'type': 'Trade'}
B26, Blotteritem, {'party2': 'B26', 'party1': 'S19', 'price': 98.0, 'qty': 1, 'time': 427.3124999997483, 'type': 'Trade'}
B26, Blotteritem, {'party2': 'B26', 'party1': 'S14', 'price': 87, 'qty': 1, 'time': 476.07499999970395, 'type': 'Trade'}
B26, Blotteritem, {'party2': 'B26', 'party1': 'S23', 'price': 108.0, 'qty': 1, 'time': 502.14999999968023, 'type': 'Trade'}
B26, Blotteritem, {'party2': 'B26', 'party1': 'S15', 'price': 90.66666666666667, 'qty': 1, 'time': 526.1374999997226, 'type': 'Trade'}
B26, Blotteritem, {'party2': 'B26', 'party1': 'S19', 'price': 98.0, 'qty': 1, 'time': 563.1124999998572, 'type': 'Trade'}
B26, Blotteritem, {'party2': 'B26', 'party1': 'S24', 'price': 112, 'qty': 1, 'time': 597.2999999999815, 'type': 'Trade'}
B25, 4
B25, Blotteritem, {'party2': 'S10', 'party1': 'B25', 'price': 104, 'qty': 1, 'time': 480.91249999969955, 'type': 'Trade'}
B25, Blotteritem, {'party2': 'B25', 'party1': 'S24', 'price': 112, 'qty': 1, 'time': 508.8624999996741, 'type': 'Trade'}
B25, Blotteritem, {'party2': 'S25', 'party1': 'B25', 'price': 114.0, 'qty': 1, 'time': 519.1499999996972, 'type': 'Trade'}
B25, Blotteritem, {'party2': 'B25', 'party1': 'S08', 'price': 92.8, 'qty': 1, 'time': 566.1124999998681, 'type': 'Trade'}
B24, 20
B24, Blotteritem, {'party2': 'B24', 'party1': 'S15', 'price': 98.0, 'qty': 1, 'time': 22.66249999999925, 'type': 'Trade'}
B24, Blotteritem, {'party2': 'B24', 'party1': 'S16', 'price': 91.0, 'qty': 1, 'time': 30.73749999999879, 'type': 'Trade'}
B24, Blotteritem, {'party2': 'B24', 'party1': 'S21', 'price': 107.0, 'qty': 1, 'time': 83.4375000000104, 'type': 'Trade'}
B24, Blotteritem, {'party2': 'B24', 'party1': 'S16', 'price': 91.0, 'qty': 1, 'time': 111.90000000001687, 'type': 'Trade'}
B24, Blotteritem, {'party2': 'S05', 'party1': 'B24', 'price': 111.0, 'qty': 1, 'time': 138.8125000000107, 'type': 'Trade'}
B24, Blotteritem, {'party2': 'S20', 'party1': 'B24', 'price': 111.0, 'qty': 1, 'time': 182.31249999997112, 'type': 'Trade'}
B24, Blotteritem, {'party2': 'B24', 'party1': 'S21', 'price': 108.33333333333333, 'qty': 1, 'time': 201.83749999995337, 'type': 'Trade'}
B24, Blotteritem, {'party2': 'B24', 'party1': 'S19', 'price': 98.0, 'qty': 1, 'time': 226.1124999999313, 'type': 'Trade'}
B24, Blotteritem, {'party2': 'B24', 'party1': 'S15', 'price': 105.47222222222223, 'qty': 1, 'time': 242.86249999991605, 'type': 'Trade'}
B24, Blotteritem, {'party2': 'B24', 'party1': 'S19', 'price': 98.0, 'qty': 1, 'time': 291.77499999987157, 'type': 'Trade'}
B24, Blotteritem, {'party2': 'B24', 'party1': 'S24', 'price': 111, 'qty': 1, 'time': 311.062499999854, 'type': 'Trade'}
B24, Blotteritem, {'party2': 'S11', 'party1': 'B24', 'price': 111.0, 'qty': 1, 'time': 361.04999999980856, 'type': 'Trade'}
B24, Blotteritem, {'party2': 'S21', 'party1': 'B24', 'price': 111.0, 'qty': 1, 'time': 379.74999999979156, 'type': 'Trade'}
B24, Blotteritem, {'party2': 'B24', 'party1': 'S24', 'price': 111, 'qty': 1, 'time': 396.9749999997759, 'type': 'Trade'}
B24, Blotteritem, {'party2': 'S21', 'party1': 'B24', 'price': 111.0, 'qty': 1, 'time': 428.1749999997475, 'type': 'Trade'}
B24, Blotteritem, {'party2': 'B24', 'party1': 'S06', 'price': 103.36851851851851, 'qty': 1, 'time': 465.012499999714, 'type': 'Trade'}
B24, Blotteritem, {'party2': 'S14', 'party1': 'B24', 'price': 111.0, 'qty': 1, 'time': 509.82499999967325, 'type': 'Trade'}
B24, Blotteritem, {'party2': 'S17', 'party1': 'B24', 'price': 111.0, 'qty': 1, 'time': 520.2874999997014, 'type': 'Trade'}
B24, Blotteritem, {'party2': 'S14', 'party1': 'B24', 'price': 111.0, 'qty': 1, 'time': 547.1749999997992, 'type': 'Trade'}
B24, Blotteritem, {'party2': 'B24', 'party1': 'S23', 'price': 108.0, 'qty': 1, 'time': 579.574999999917, 'type': 'Trade'}
B23, 20
B23, Blotteritem, {'party2': 'S12', 'party1': 'B23', 'price': 108.0, 'qty': 1, 'time': 10.549999999999935, 'type': 'Trade'}
B23, Blotteritem, {'party2': 'B23', 'party1': 'S06', 'price': 92.479906526446, 'qty': 1, 'time': 31.174999999998764, 'type': 'Trade'}
B23, Blotteritem, {'party2': 'B23', 'party1': 'S11', 'price': 88.45581804941658, 'qty': 1, 'time': 77.53750000000906, 'type': 'Trade'}
B23, Blotteritem, {'party2': 'B23', 'party1': 'S14', 'price': 90, 'qty': 1, 'time': 119.36250000001857, 'type': 'Trade'}
B23, Blotteritem, {'party2': 'B23', 'party1': 'S15', 'price': 89.33333333333333, 'qty': 1, 'time': 125.01250000001986, 'type': 'Trade'}
B23, Blotteritem, {'party2': 'B23', 'party1': 'S12', 'price': 99, 'qty': 1, 'time': 173.5374999999791, 'type': 'Trade'}
B23, Blotteritem, {'party2': 'B23', 'party1': 'S12', 'price': 105, 'qty': 1, 'time': 208.0624999999477, 'type': 'Trade'}
B23, Blotteritem, {'party2': 'B23', 'party1': 'S11', 'price': 89.72015549304038, 'qty': 1, 'time': 223.48749999993368, 'type': 'Trade'}
B23, Blotteritem, {'party2': 'B23', 'party1': 'S14', 'price': 98, 'qty': 1, 'time': 271.13749999989034, 'type': 'Trade'}
B23, Blotteritem, {'party2': 'S20', 'party1': 'B23', 'price': 108.0, 'qty': 1, 'time': 283.23749999987933, 'type': 'Trade'}
B23, Blotteritem, {'party2': 'S14', 'party1': 'B23', 'price': 108.0, 'qty': 1, 'time': 317.5874999998481, 'type': 'Trade'}
B23, Blotteritem, {'party2': 'B23', 'party1': 'S12', 'price': 101, 'qty': 1, 'time': 334.187499999833, 'type': 'Trade'}
B23, Blotteritem, {'party2': 'S15', 'party1': 'B23', 'price': 108.0, 'qty': 1, 'time': 383.51249999978813, 'type': 'Trade'}
B23, Blotteritem, {'party2': 'B23', 'party1': 'S11', 'price': 98.35, 'qty': 1, 'time': 420.1499999997548, 'type': 'Trade'}
B23, Blotteritem, {'party2': 'B23', 'party1': 'S14', 'price': 103, 'qty': 1, 'time': 434.9249999997414, 'type': 'Trade'}
B23, Blotteritem, {'party2': 'S05', 'party1': 'B23', 'price': 108.0, 'qty': 1, 'time': 461.737499999717, 'type': 'Trade'}
B23, Blotteritem, {'party2': 'B23', 'party1': 'S09', 'price': 95.0, 'qty': 1, 'time': 495.7249999996861, 'type': 'Trade'}
B23, Blotteritem, {'party2': 'S09', 'party1': 'B23', 'price': 108.0, 'qty': 1, 'time': 520.5249999997022, 'type': 'Trade'}
B23, Blotteritem, {'party2': 'S12', 'party1': 'B23', 'price': 108.0, 'qty': 1, 'time': 553.4874999998221, 'type': 'Trade'}
B23, Blotteritem, {'party2': 'B23', 'party1': 'S22', 'price': 106.0, 'qty': 1, 'time': 594.962499999973, 'type': 'Trade'}
B22, 18
B22, Blotteritem, {'party2': 'S08', 'party1': 'B22', 'price': 102, 'qty': 1, 'time': 15.062499999999678, 'type': 'Trade'}
B22, Blotteritem, {'party2': 'S02', 'party1': 'B22', 'price': 103, 'qty': 1, 'time': 41.062500000000774, 'type': 'Trade'}
B22, Blotteritem, {'party2': 'S02', 'party1': 'B22', 'price': 89, 'qty': 1, 'time': 79.22500000000944, 'type': 'Trade'}
B22, Blotteritem, {'party2': 'S02', 'party1': 'B22', 'price': 104, 'qty': 1, 'time': 105.27500000001537, 'type': 'Trade'}
B22, Blotteritem, {'party2': 'S13', 'party1': 'B22', 'price': 85, 'qty': 1, 'time': 137.95000000001147, 'type': 'Trade'}
B22, Blotteritem, {'party2': 'S13', 'party1': 'B22', 'price': 105, 'qty': 1, 'time': 182.49999999997095, 'type': 'Trade'}
B22, Blotteritem, {'party2': 'S11', 'party1': 'B22', 'price': 97, 'qty': 1, 'time': 198.58749999995632, 'type': 'Trade'}
B22, Blotteritem, {'party2': 'S06', 'party1': 'B22', 'price': 90, 'qty': 1, 'time': 233.84999999992425, 'type': 'Trade'}
B22, Blotteritem, {'party2': 'S06', 'party1': 'B22', 'price': 95, 'qty': 1, 'time': 267.8999999998933, 'type': 'Trade'}
B22, Blotteritem, {'party2': 'S06', 'party1': 'B22', 'price': 105, 'qty': 1, 'time': 306.62499999985806, 'type': 'Trade'}
B22, Blotteritem, {'party2': 'S16', 'party1': 'B22', 'price': 104, 'qty': 1, 'time': 320.61249999984534, 'type': 'Trade'}
B22, Blotteritem, {'party2': 'S02', 'party1': 'B22', 'price': 86, 'qty': 1, 'time': 344.1749999998239, 'type': 'Trade'}
B22, Blotteritem, {'party2': 'S13', 'party1': 'B22', 'price': 97, 'qty': 1, 'time': 390.6749999997816, 'type': 'Trade'}
B22, Blotteritem, {'party2': 'S19', 'party1': 'B22', 'price': 99, 'qty': 1, 'time': 411.31249999976285, 'type': 'Trade'}
B22, Blotteritem, {'party2': 'S01', 'party1': 'B22', 'price': 101, 'qty': 1, 'time': 436.24999999974017, 'type': 'Trade'}
B22, Blotteritem, {'party2': 'B22', 'party1': 'S03', 'price': 99.66666666666667, 'qty': 1, 'time': 483.3874999996973, 'type': 'Trade'}
B22, Blotteritem, {'party2': 'B22', 'party1': 'S04', 'price': 86.0, 'qty': 1, 'time': 525.7874999997214, 'type': 'Trade'}
B22, Blotteritem, {'party2': 'S01', 'party1': 'B22', 'price': 99, 'qty': 1, 'time': 576.1374999999045, 'type': 'Trade'}
B21, 20
B21, Blotteritem, {'party2': 'S13', 'party1': 'B21', 'price': 96.02263092234134, 'qty': 1, 'time': 25.77499999999907, 'type': 'Trade'}
B21, Blotteritem, {'party2': 'S16', 'party1': 'B21', 'price': 102.1196903568309, 'qty': 1, 'time': 47.02500000000213, 'type': 'Trade'}
B21, Blotteritem, {'party2': 'B21', 'party1': 'S15', 'price': 91.33333333333333, 'qty': 1, 'time': 65.98750000000643, 'type': 'Trade'}
B21, Blotteritem, {'party2': 'S05', 'party1': 'B21', 'price': 80.19076931870141, 'qty': 1, 'time': 110.80000000001662, 'type': 'Trade'}
B21, Blotteritem, {'party2': 'S11', 'party1': 'B21', 'price': 100.99176469678143, 'qty': 1, 'time': 152.749999999998, 'type': 'Trade'}
B21, Blotteritem, {'party2': 'S16', 'party1': 'B21', 'price': 102.33333333333333, 'qty': 1, 'time': 159.5749999999918, 'type': 'Trade'}
B21, Blotteritem, {'party2': 'S08', 'party1': 'B21', 'price': 90.15107453132144, 'qty': 1, 'time': 186.0624999999677, 'type': 'Trade'}
B21, Blotteritem, {'party2': 'S13', 'party1': 'B21', 'price': 92.33333333333333, 'qty': 1, 'time': 232.31249999992565, 'type': 'Trade'}
B21, Blotteritem, {'party2': 'B21', 'party1': 'S19', 'price': 98.0, 'qty': 1, 'time': 254.9124999999051, 'type': 'Trade'}
B21, Blotteritem, {'party2': 'S13', 'party1': 'B21', 'price': 102.80767159477722, 'qty': 1, 'time': 312.8624999998524, 'type': 'Trade'}
B21, Blotteritem, {'party2': 'S19', 'party1': 'B21', 'price': 99.66666666666667, 'qty': 1, 'time': 329.5874999998372, 'type': 'Trade'}
B21, Blotteritem, {'party2': 'B21', 'party1': 'S19', 'price': 98.0, 'qty': 1, 'time': 355.14999999981393, 'type': 'Trade'}
B21, Blotteritem, {'party2': 'S08', 'party1': 'B21', 'price': 100.77777777777779, 'qty': 1, 'time': 385.56249999978627, 'type': 'Trade'}
B21, Blotteritem, {'party2': 'S12', 'party1': 'B21', 'price': 99.66666666666667, 'qty': 1, 'time': 411.137499999763, 'type': 'Trade'}
B21, Blotteritem, {'party2': 'S20', 'party1': 'B21', 'price': 102.33333333333333, 'qty': 1, 'time': 433.162499999743, 'type': 'Trade'}
B21, Blotteritem, {'party2': 'B21', 'party1': 'S07', 'price': 85.56603415159078, 'qty': 1, 'time': 474.4874999997054, 'type': 'Trade'}
B21, Blotteritem, {'party2': 'S18', 'party1': 'B21', 'price': 101.66666666666667, 'qty': 1, 'time': 505.0749999996776, 'type': 'Trade'}
B21, Blotteritem, {'party2': 'S05', 'party1': 'B21', 'price': 98.33333333333333, 'qty': 1, 'time': 521.574999999706, 'type': 'Trade'}
B21, Blotteritem, {'party2': 'B21', 'party1': 'S19', 'price': 98.0, 'qty': 1, 'time': 545.4124999997928, 'type': 'Trade'}
B21, Blotteritem, {'party2': 'S04', 'party1': 'B21', 'price': 99.88888888888889, 'qty': 1, 'time': 574.6749999998992, 'type': 'Trade'}
B20, 20
B20, Blotteritem, {'party2': 'B20', 'party1': 'S14', 'price': 99, 'qty': 1, 'time': 24.424999999999148, 'type': 'Trade'}
B20, Blotteritem, {'party2': 'S19', 'party1': 'B20', 'price': 101.0, 'qty': 1, 'time': 57.912500000004606, 'type': 'Trade'}
B20, Blotteritem, {'party2': 'B20', 'party1': 'S14', 'price': 92, 'qty': 1, 'time': 77.20000000000898, 'type': 'Trade'}
B20, Blotteritem, {'party2': 'B20', 'party1': 'S16', 'price': 91.0, 'qty': 1, 'time': 97.18750000001353, 'type': 'Trade'}
B20, Blotteritem, {'party2': 'B20', 'party1': 'S12', 'price': 88, 'qty': 1, 'time': 125.98750000002008, 'type': 'Trade'}
B20, Blotteritem, {'party2': 'S19', 'party1': 'B20', 'price': 101.0, 'qty': 1, 'time': 163.62499999998812, 'type': 'Trade'}
B20, Blotteritem, {'party2': 'S06', 'party1': 'B20', 'price': 101.0, 'qty': 1, 'time': 203.63749999995173, 'type': 'Trade'}
B20, Blotteritem, {'party2': 'B20', 'party1': 'S12', 'price': 92, 'qty': 1, 'time': 230.5124999999273, 'type': 'Trade'}
B20, Blotteritem, {'party2': 'B20', 'party1': 'S12', 'price': 83, 'qty': 1, 'time': 253.5999999999063, 'type': 'Trade'}
B20, Blotteritem, {'party2': 'B20', 'party1': 'S06', 'price': 88.32206218564244, 'qty': 1, 'time': 295.86249999986785, 'type': 'Trade'}
B20, Blotteritem, {'party2': 'S01', 'party1': 'B20', 'price': 101.0, 'qty': 1, 'time': 321.8874999998442, 'type': 'Trade'}
B20, Blotteritem, {'party2': 'S20', 'party1': 'B20', 'price': 101.0, 'qty': 1, 'time': 357.4624999998118, 'type': 'Trade'}
B20, Blotteritem, {'party2': 'S05', 'party1': 'B20', 'price': 101.0, 'qty': 1, 'time': 384.06249999978763, 'type': 'Trade'}
B20, Blotteritem, {'party2': 'S14', 'party1': 'B20', 'price': 101.0, 'qty': 1, 'time': 397.4874999997754, 'type': 'Trade'}
B20, Blotteritem, {'party2': 'S02', 'party1': 'B20', 'price': 101.0, 'qty': 1, 'time': 451.3999999997264, 'type': 'Trade'}
B20, Blotteritem, {'party2': 'S20', 'party1': 'B20', 'price': 101.0, 'qty': 1, 'time': 456.0374999997222, 'type': 'Trade'}
B20, Blotteritem, {'party2': 'S06', 'party1': 'B20', 'price': 101.0, 'qty': 1, 'time': 505.8249999996769, 'type': 'Trade'}
B20, Blotteritem, {'party2': 'B20', 'party1': 'S20', 'price': 101.0, 'qty': 1, 'time': 522.2874999997086, 'type': 'Trade'}
B20, Blotteritem, {'party2': 'B20', 'party1': 'S07', 'price': 87.57976680384088, 'qty': 1, 'time': 559.9249999998456, 'type': 'Trade'}
B20, Blotteritem, {'party2': 'B20', 'party1': 'S17', 'price': 93.0, 'qty': 1, 'time': 596.324999999978, 'type': 'Trade'}
S00, 5
S00, Blotteritem, {'party2': 'S00', 'party1': 'B30', 'price': 104, 'qty': 1, 'time': 480.99999999969947, 'type': 'Trade'}
S00, Blotteritem, {'party2': 'B37', 'party1': 'S00', 'price': 101.00555555555555, 'qty': 1, 'time': 506.0124999996767, 'type': 'Trade'}
S00, Blotteritem, {'party2': 'S00', 'party1': 'B19', 'price': 98.0, 'qty': 1, 'time': 536.9249999997619, 'type': 'Trade'}
S00, Blotteritem, {'party2': 'S00', 'party1': 'B12', 'price': 80.0, 'qty': 1, 'time': 563.9999999998604, 'type': 'Trade'}
S00, Blotteritem, {'party2': 'S00', 'party1': 'B10', 'price': 73, 'qty': 1, 'time': 582.2624999999268, 'type': 'Trade'}
S21, 18
S21, Blotteritem, {'party2': 'B34', 'party1': 'S21', 'price': 107.0, 'qty': 1, 'time': 12.824999999999806, 'type': 'Trade'}
S21, Blotteritem, {'party2': 'S21', 'party1': 'B32', 'price': 117.27777777777779, 'qty': 1, 'time': 52.33750000000334, 'type': 'Trade'}
S21, Blotteritem, {'party2': 'B24', 'party1': 'S21', 'price': 107.0, 'qty': 1, 'time': 83.4375000000104, 'type': 'Trade'}
S21, Blotteritem, {'party2': 'B28', 'party1': 'S21', 'price': 105.17283950617283, 'qty': 1, 'time': 133.37500000001563, 'type': 'Trade'}
S21, Blotteritem, {'party2': 'B37', 'party1': 'S21', 'price': 110.33333333333333, 'qty': 1, 'time': 157.62499999999358, 'type': 'Trade'}
S21, Blotteritem, {'party2': 'B24', 'party1': 'S21', 'price': 108.33333333333333, 'qty': 1, 'time': 201.83749999995337, 'type': 'Trade'}
S21, Blotteritem, {'party2': 'S21', 'party1': 'B39', 'price': 111.84207437890565, 'qty': 1, 'time': 236.92499999992145, 'type': 'Trade'}
S21, Blotteritem, {'party2': 'B26', 'party1': 'S21', 'price': 103.20809835898999, 'qty': 1, 'time': 263.1624999998976, 'type': 'Trade'}
S21, Blotteritem, {'party2': 'B37', 'party1': 'S21', 'price': 104.78518518518518, 'qty': 1, 'time': 277.3499999998847, 'type': 'Trade'}
S21, Blotteritem, {'party2': 'B32', 'party1': 'S21', 'price': 103.72921810699589, 'qty': 1, 'time': 325.01249999984134, 'type': 'Trade'}
S21, Blotteritem, {'party2': 'B28', 'party1': 'S21', 'price': 103.104049179495, 'qty': 1, 'time': 357.98749999981135, 'type': 'Trade'}
S21, Blotteritem, {'party2': 'S21', 'party1': 'B24', 'price': 111.0, 'qty': 1, 'time': 379.74999999979156, 'type': 'Trade'}
S21, Blotteritem, {'party2': 'B39', 'party1': 'S21', 'price': 105.66666666666667, 'qty': 1, 'time': 402.06249999977126, 'type': 'Trade'}
S21, Blotteritem, {'party2': 'S21', 'party1': 'B24', 'price': 111.0, 'qty': 1, 'time': 428.1749999997475, 'type': 'Trade'}
S21, Blotteritem, {'party2': 'S21', 'party1': 'B35', 'price': 104.0, 'qty': 1, 'time': 504.11249999967845, 'type': 'Trade'}
S21, Blotteritem, {'party2': 'B34', 'party1': 'S21', 'price': 104.40466392318244, 'qty': 1, 'time': 537.8624999997653, 'type': 'Trade'}
S21, Blotteritem, {'party2': 'B34', 'party1': 'S21', 'price': 103.39506172839506, 'qty': 1, 'time': 574.0124999998968, 'type': 'Trade'}
S21, Blotteritem, {'party2': 'B28', 'party1': 'S21', 'price': 103.5925925925926, 'qty': 1, 'time': 594.1499999999701, 'type': 'Trade'}
S16, 20
S16, Blotteritem, {'party2': 'B24', 'party1': 'S16', 'price': 91.0, 'qty': 1, 'time': 30.73749999999879, 'type': 'Trade'}
S16, Blotteritem, {'party2': 'S16', 'party1': 'B21', 'price': 102.1196903568309, 'qty': 1, 'time': 47.02500000000213, 'type': 'Trade'}
S16, Blotteritem, {'party2': 'B20', 'party1': 'S16', 'price': 91.0, 'qty': 1, 'time': 97.18750000001353, 'type': 'Trade'}
S16, Blotteritem, {'party2': 'B24', 'party1': 'S16', 'price': 91.0, 'qty': 1, 'time': 111.90000000001687, 'type': 'Trade'}
S16, Blotteritem, {'party2': 'S16', 'party1': 'B19', 'price': 98.0, 'qty': 1, 'time': 140.05000000000956, 'type': 'Trade'}
S16, Blotteritem, {'party2': 'S16', 'party1': 'B21', 'price': 102.33333333333333, 'qty': 1, 'time': 159.5749999999918, 'type': 'Trade'}
S16, Blotteritem, {'party2': 'B37', 'party1': 'S16', 'price': 91.0, 'qty': 1, 'time': 189.037499999965, 'type': 'Trade'}
S16, Blotteritem, {'party2': 'B27', 'party1': 'S16', 'price': 91.0, 'qty': 1, 'time': 217.91249999993875, 'type': 'Trade'}
S16, Blotteritem, {'party2': 'S16', 'party1': 'B19', 'price': 98.0, 'qty': 1, 'time': 248.16249999991123, 'type': 'Trade'}
S16, Blotteritem, {'party2': 'B39', 'party1': 'S16', 'price': 91.0, 'qty': 1, 'time': 296.9874999998668, 'type': 'Trade'}
S16, Blotteritem, {'party2': 'S16', 'party1': 'B22', 'price': 104, 'qty': 1, 'time': 320.61249999984534, 'type': 'Trade'}
S16, Blotteritem, {'party2': 'S16', 'party1': 'B32', 'price': 98.53086419753087, 'qty': 1, 'time': 351.5374999998172, 'type': 'Trade'}
S16, Blotteritem, {'party2': 'B28', 'party1': 'S16', 'price': 91.0, 'qty': 1, 'time': 362.5624999998072, 'type': 'Trade'}
S16, Blotteritem, {'party2': 'B28', 'party1': 'S16', 'price': 91.0, 'qty': 1, 'time': 396.4999999997763, 'type': 'Trade'}
S16, Blotteritem, {'party2': 'S16', 'party1': 'B32', 'price': 109.5, 'qty': 1, 'time': 441.2874999997356, 'type': 'Trade'}
S16, Blotteritem, {'party2': 'S16', 'party1': 'B36', 'price': 103, 'qty': 1, 'time': 463.19999999971566, 'type': 'Trade'}
S16, Blotteritem, {'party2': 'S16', 'party1': 'B36', 'price': 102, 'qty': 1, 'time': 510.36249999967276, 'type': 'Trade'}
S16, Blotteritem, {'party2': 'B35', 'party1': 'S16', 'price': 91.0, 'qty': 1, 'time': 532.0874999997443, 'type': 'Trade'}
S16, Blotteritem, {'party2': 'B32', 'party1': 'S16', 'price': 91.0, 'qty': 1, 'time': 553.1124999998208, 'type': 'Trade'}
S16, Blotteritem, {'party2': 'B16', 'party1': 'S16', 'price': 91.0, 'qty': 1, 'time': 592.1124999999627, 'type': 'Trade'}
S01, 20
S01, Blotteritem, {'party2': 'S01', 'party1': 'B36', 'price': 132, 'qty': 1, 'time': 2.7500000000000053, 'type': 'Trade'}
S01, Blotteritem, {'party2': 'S01', 'party1': 'B32', 'price': 100.55616042930812, 'qty': 1, 'time': 32.87499999999891, 'type': 'Trade'}
S01, Blotteritem, {'party2': 'S01', 'party1': 'B32', 'price': 110.79811252122498, 'qty': 1, 'time': 85.31250000001083, 'type': 'Trade'}
S01, Blotteritem, {'party2': 'S01', 'party1': 'B15', 'price': 83.65845942133431, 'qty': 1, 'time': 117.81250000001822, 'type': 'Trade'}
S01, Blotteritem, {'party2': 'S01', 'party1': 'B14', 'price': 84.95366103609747, 'qty': 1, 'time': 124.50000000001974, 'type': 'Trade'}
S01, Blotteritem, {'party2': 'S01', 'party1': 'B14', 'price': 84.46117484767306, 'qty': 1, 'time': 164.14999999998764, 'type': 'Trade'}
S01, Blotteritem, {'party2': 'S01', 'party1': 'B15', 'price': 87.94741477449898, 'qty': 1, 'time': 207.33749999994836, 'type': 'Trade'}
S01, Blotteritem, {'party2': 'S01', 'party1': 'B15', 'price': 86.54121612034824, 'qty': 1, 'time': 216.12499999994037, 'type': 'Trade'}
S01, Blotteritem, {'party2': 'S01', 'party1': 'B32', 'price': 103.29684499314129, 'qty': 1, 'time': 260.01249999990046, 'type': 'Trade'}
S01, Blotteritem, {'party2': 'S01', 'party1': 'B19', 'price': 98.0, 'qty': 1, 'time': 274.52499999988726, 'type': 'Trade'}
S01, Blotteritem, {'party2': 'S01', 'party1': 'B20', 'price': 101.0, 'qty': 1, 'time': 321.8874999998442, 'type': 'Trade'}
S01, Blotteritem, {'party2': 'S01', 'party1': 'B14', 'price': 84.60493827160494, 'qty': 1, 'time': 357.7374999998116, 'type': 'Trade'}
S01, Blotteritem, {'party2': 'S01', 'party1': 'B13', 'price': 81.07407407407408, 'qty': 1, 'time': 395.9749999997768, 'type': 'Trade'}
S01, Blotteritem, {'party2': 'S01', 'party1': 'B11', 'price': 75.33333333333333, 'qty': 1, 'time': 399.4749999997736, 'type': 'Trade'}
S01, Blotteritem, {'party2': 'S01', 'party1': 'B22', 'price': 101, 'qty': 1, 'time': 436.24999999974017, 'type': 'Trade'}
S01, Blotteritem, {'party2': 'S01', 'party1': 'B15', 'price': 86.23075750647767, 'qty': 1, 'time': 453.41249999972456, 'type': 'Trade'}
S01, Blotteritem, {'party2': 'S01', 'party1': 'B29', 'price': 102.0, 'qty': 1, 'time': 511.212499999672, 'type': 'Trade'}
S01, Blotteritem, {'party2': 'S01', 'party1': 'B18', 'price': 88.56104252400549, 'qty': 1, 'time': 531.462499999742, 'type': 'Trade'}
S01, Blotteritem, {'party2': 'S01', 'party1': 'B14', 'price': 84.4567901234568, 'qty': 1, 'time': 559.2749999998432, 'type': 'Trade'}
S01, Blotteritem, {'party2': 'S01', 'party1': 'B22', 'price': 99, 'qty': 1, 'time': 576.1374999999045, 'type': 'Trade'}
S26, 8
S26, Blotteritem, {'party2': 'B28', 'party1': 'S26', 'price': 117, 'qty': 1, 'time': 46.26250000000196, 'type': 'Trade'}
S26, Blotteritem, {'party2': 'B39', 'party1': 'S26', 'price': 117, 'qty': 1, 'time': 103.53750000001497, 'type': 'Trade'}
S26, Blotteritem, {'party2': 'B32', 'party1': 'S26', 'price': 118, 'qty': 1, 'time': 105.0000000000153, 'type': 'Trade'}
S26, Blotteritem, {'party2': 'B28', 'party1': 'S26', 'price': 116, 'qty': 1, 'time': 181.0124999999723, 'type': 'Trade'}
S26, Blotteritem, {'party2': 'B26', 'party1': 'S26', 'price': 116, 'qty': 1, 'time': 240.67499999991804, 'type': 'Trade'}
S26, Blotteritem, {'party2': 'B37', 'party1': 'S26', 'price': 116, 'qty': 1, 'time': 366.87499999980326, 'type': 'Trade'}
S26, Blotteritem, {'party2': 'B39', 'party1': 'S26', 'price': 116, 'qty': 1, 'time': 518.3874999996945, 'type': 'Trade'}
S26, Blotteritem, {'party2': 'B29', 'party1': 'S26', 'price': 116, 'qty': 1, 'time': 558.1624999998392, 'type': 'Trade'}
S31, 0
S02, 20
S02, Blotteritem, {'party2': 'S02', 'party1': 'B39', 'price': 129.7831775936342, 'qty': 1, 'time': 3.2625000000000126, 'type': 'Trade'}
S02, Blotteritem, {'party2': 'S02', 'party1': 'B22', 'price': 103, 'qty': 1, 'time': 41.062500000000774, 'type': 'Trade'}
S02, Blotteritem, {'party2': 'S02', 'party1': 'B22', 'price': 89, 'qty': 1, 'time': 79.22500000000944, 'type': 'Trade'}
S02, Blotteritem, {'party2': 'S02', 'party1': 'B22', 'price': 104, 'qty': 1, 'time': 105.27500000001537, 'type': 'Trade'}
S02, Blotteritem, {'party2': 'S02', 'party1': 'B36', 'price': 104, 'qty': 1, 'time': 151.8749999999988, 'type': 'Trade'}
S02, Blotteritem, {'party2': 'S02', 'party1': 'B13', 'price': 80.33333333333333, 'qty': 1, 'time': 165.58749999998633, 'type': 'Trade'}
S02, Blotteritem, {'party2': 'S02', 'party1': 'B13', 'price': 82.6282810948597, 'qty': 1, 'time': 210.39999999994558, 'type': 'Trade'}
S02, Blotteritem, {'party2': 'S02', 'party1': 'B14', 'price': 84.99854966373205, 'qty': 1, 'time': 225.28749999993204, 'type': 'Trade'}
S02, Blotteritem, {'party2': 'S02', 'party1': 'B39', 'price': 92.69238099807882, 'qty': 1, 'time': 270.24999999989114, 'type': 'Trade'}
S02, Blotteritem, {'party2': 'S02', 'party1': 'B19', 'price': 98.0, 'qty': 1, 'time': 287.0249999998759, 'type': 'Trade'}
S02, Blotteritem, {'party2': 'S02', 'party1': 'B19', 'price': 98.0, 'qty': 1, 'time': 332.7749999998343, 'type': 'Trade'}
S02, Blotteritem, {'party2': 'S02', 'party1': 'B22', 'price': 86, 'qty': 1, 'time': 344.1749999998239, 'type': 'Trade'}
S02, Blotteritem, {'party2': 'S02', 'party1': 'B14', 'price': 81.74074074074075, 'qty': 1, 'time': 388.9374999997832, 'type': 'Trade'}
S02, Blotteritem, {'party2': 'S02', 'party1': 'B15', 'price': 86.77091906721536, 'qty': 1, 'time': 408.21249999976567, 'type': 'Trade'}
S02, Blotteritem, {'party2': 'S02', 'party1': 'B20', 'price': 101.0, 'qty': 1, 'time': 451.3999999997264, 'type': 'Trade'}
S02, Blotteritem, {'party2': 'S02', 'party1': 'B19', 'price': 98.0, 'qty': 1, 'time': 466.16249999971296, 'type': 'Trade'}
S02, Blotteritem, {'party2': 'S02', 'party1': 'B16', 'price': 91.0, 'qty': 1, 'time': 495.62499999968617, 'type': 'Trade'}
S02, Blotteritem, {'party2': 'S02', 'party1': 'B13', 'price': 82.93415637860083, 'qty': 1, 'time': 526.9874999997257, 'type': 'Trade'}
S02, Blotteritem, {'party2': 'S02', 'party1': 'B15', 'price': 85.63786008230453, 'qty': 1, 'time': 555.912499999831, 'type': 'Trade'}
S02, Blotteritem, {'party2': 'S02', 'party1': 'B36', 'price': 98, 'qty': 1, 'time': 586.7624999999432, 'type': 'Trade'}
S27, 0
